Stationsnamn;Klimatnummer;Mäthöjd (meter över marken)
Tullinge A;97100;10.0

Parameternamn;Beskrivning;Enhet
Vindriktning;medelvärde 10 min, 1 gång/tim;degree true
Vindhastighet;medelvärde 10 min, 1 gång/tim;metre per second

Tidsperiod (fr.o.m);Tidsperiod (t.o.m);Höjd (meter över havet);Latitud (decimalgrader);Longitud (decimalgrader)
1947-07-01 00:00:00;1969-11-02 23:59:59;45.0;59.1833;17.9167
1969-11-03 00:00:00;1985-06-30 23:59:59;54.0;59.1833;17.9167
1995-12-15 00:00:00;2021-05-20 07:00:00;44.858;59.1785;17.9093

Datum;Tid (UTC);Vindriktning;Kvalitet;Vindhastighet;Kvalitet;;Tidsutsnitt:
2021-01-10;01:00:00;247;G;4.3;G;;Data från senaste fyra månaderna
2021-01-10;02:00:00;245;G;3.3;G;;Tidsperiod (fr.o.m.) = 2021-01-10 00:00:01 (UTC)
2021-01-10;03:00:00;238;G;2.6;G;;Tidsperiod (t.o.m.) = 2021-05-20 08:00:00 (UTC)
2021-01-10;04:00:00;218;G;3.4;G;;Samplingstid = 10 minuter
2021-01-10;05:00:00;217;G;2.6;G;;Kvalitetskoderna:
2021-01-10;06:00:00;222;G;4.2;G;;Grön (G) = Kontrollerade och godkända värden.
2021-01-10;07:00:00;224;G;5.1;G;;Gul (Y) = Misstänkta eller aggregerade värden. Grovt kontrollerade arkivdata och okontrollerade realtidsdata (senaste 2 tim).
2021-01-10;08:00:00;187;G;2.9;G;;Orsaker till saknade data:
2021-01-10;09:00:00;186;G;2.7;G;;  stationen eller givaren har varit ur funktion.
2021-01-10;10:00:00;189;G;3.0;G
2021-01-10;11:00:00;191;G;3.0;G
2021-01-10;12:00:00;188;G;3.3;G
2021-01-10;13:00:00;200;G;3.8;G
2021-01-10;14:00:00;208;G;3.4;G
2021-01-10;15:00:00;219;G;3.4;G
2021-01-10;16:00:00;208;G;3.4;G
2021-01-10;17:00:00;238;G;3.0;G
2021-01-10;18:00:00;251;G;2.9;G
2021-01-10;19:00:00;242;G;2.0;G
2021-01-10;20:00:00;236;G;2.4;G
2021-01-10;21:00:00;0;G;0.0;G
2021-01-10;22:00:00;243;G;2.5;G
2021-01-10;23:00:00;262;G;1.3;G
2021-01-11;00:00:00;214;G;0.5;G
2021-01-11;01:00:00;245;G;1.8;G
2021-01-11;02:00:00;238;G;2.3;G
2021-01-11;03:00:00;220;G;2.5;G
2021-01-11;04:00:00;203;G;1.0;G
2021-01-11;05:00:00;178;G;1.6;G
2021-01-11;06:00:00;138;G;2.2;G
2021-01-11;07:00:00;147;G;1.2;G
2021-01-11;08:00:00;141;G;2.1;G
2021-01-11;09:00:00;137;G;2.6;G
2021-01-11;10:00:00;142;G;2.3;G
2021-01-11;11:00:00;158;G;2.8;G
2021-01-11;12:00:00;155;G;3.8;G
2021-01-11;13:00:00;156;G;5.7;G
2021-01-11;14:00:00;150;G;4.2;G
2021-01-11;15:00:00;150;G;5.0;G
2021-01-11;16:00:00;151;G;4.5;G
2021-01-11;17:00:00;169;G;3.6;G
2021-01-11;18:00:00;185;G;4.3;G
2021-01-11;19:00:00;185;G;5.7;G
2021-01-11;20:00:00;184;G;6.1;G
2021-01-11;21:00:00;179;G;6.3;G
2021-01-11;22:00:00;178;G;6.6;G
2021-01-11;23:00:00;179;G;6.4;G
2021-01-12;00:00:00;186;G;6.4;G
2021-01-12;01:00:00;188;G;4.8;G
2021-01-12;02:00:00;195;G;4.6;G
2021-01-12;03:00:00;196;G;3.3;G
2021-01-12;04:00:00;196;G;2.6;G
2021-01-12;05:00:00;189;G;2.2;G
2021-01-12;06:00:00;256;G;2.1;G
2021-01-12;07:00:00;250;G;2.8;G
2021-01-12;08:00:00;255;G;5.7;G
2021-01-12;09:00:00;263;G;3.9;G
2021-01-12;10:00:00;257;G;3.7;G
2021-01-12;11:00:00;261;G;5.1;G
2021-01-12;12:00:00;240;G;1.6;G
2021-01-12;13:00:00;215;G;1.3;G
2021-01-12;14:00:00;152;G;1.1;G
2021-01-12;15:00:00;134;G;1.5;G
2021-01-12;16:00:00;113;G;0.8;G
2021-01-12;17:00:00;130;G;1.7;G
2021-01-12;18:00:00;142;G;2.1;G
2021-01-12;19:00:00;130;G;1.8;G
2021-01-12;20:00:00;0;G;0.0;G
2021-01-12;21:00:00;123;G;1.1;G
2021-01-12;22:00:00;0;G;0.0;G
2021-01-12;23:00:00;0;G;0.0;G
2021-01-13;00:00:00;0;G;0.0;G
2021-01-13;01:00:00;0;G;0.0;G
2021-01-13;02:00:00;0;G;0.0;G
2021-01-13;03:00:00;0;G;0.0;G
2021-01-13;04:00:00;0;G;0.0;G
2021-01-13;05:00:00;50;G;1.0;G
2021-01-13;06:00:00;45;G;1.5;G
2021-01-13;07:00:00;0;G;0.0;G
2021-01-13;08:00:00;0;G;0.0;G
2021-01-13;09:00:00;236;G;0.7;G
2021-01-13;10:00:00;338;G;1.9;G
2021-01-13;11:00:00;353;G;1.7;G
2021-01-13;12:00:00;13;G;3.1;G
2021-01-13;13:00:00;20;G;4.1;G
2021-01-13;14:00:00;23;G;4.2;G
2021-01-13;15:00:00;16;G;4.5;G
2021-01-13;16:00:00;14;G;4.1;G
2021-01-13;17:00:00;16;G;3.8;G
2021-01-13;18:00:00;19;G;3.7;G
2021-01-13;19:00:00;25;G;3.4;G
2021-01-13;20:00:00;33;G;4.2;G
2021-01-13;21:00:00;41;G;4.2;G
2021-01-13;22:00:00;42;G;5.1;G
2021-01-13;23:00:00;36;G;4.4;G
2021-01-14;00:00:00;24;G;4.1;G
2021-01-14;01:00:00;26;G;5.1;G
2021-01-14;02:00:00;17;G;4.5;G
2021-01-14;03:00:00;17;G;5.3;G
2021-01-14;04:00:00;21;G;3.2;G
2021-01-14;05:00:00;22;G;4.2;G
2021-01-14;06:00:00;15;G;3.5;G
2021-01-14;07:00:00;357;G;4.0;G
2021-01-14;08:00:00;9;G;4.5;G
2021-01-14;09:00:00;4;G;2.8;G
2021-01-14;10:00:00;3;G;3.7;G
2021-01-14;11:00:00;10;G;2.9;G
2021-01-14;12:00:00;18;G;2.8;G
2021-01-14;13:00:00;357;G;4.0;G
2021-01-14;14:00:00;349;G;3.8;G
2021-01-14;15:00:00;330;G;4.4;G
2021-01-14;16:00:00;331;G;4.8;G
2021-01-14;17:00:00;338;G;5.3;G
2021-01-14;18:00:00;339;G;4.7;G
2021-01-14;19:00:00;337;G;4.5;G
2021-01-14;20:00:00;344;G;3.8;G
2021-01-14;21:00:00;352;G;2.9;G
2021-01-14;22:00:00;320;G;2.9;G
2021-01-14;23:00:00;324;G;2.3;G
2021-01-15;00:00:00;328;G;2.7;G
2021-01-15;01:00:00;340;G;3.7;G
2021-01-15;02:00:00;331;G;3.3;G
2021-01-15;03:00:00;341;G;4.2;G
2021-01-15;04:00:00;322;G;2.5;G
2021-01-15;05:00:00;309;G;3.0;G
2021-01-15;06:00:00;311;G;2.6;G
2021-01-15;07:00:00;319;G;2.8;G
2021-01-15;08:00:00;318;G;3.0;G
2021-01-15;09:00:00;317;G;3.8;G
2021-01-15;10:00:00;316;G;2.8;G
2021-01-15;11:00:00;305;G;3.0;G
2021-01-15;12:00:00;311;G;2.3;G
2021-01-15;13:00:00;303;G;3.8;G
2021-01-15;14:00:00;310;G;3.3;G
2021-01-15;15:00:00;303;G;3.1;G
2021-01-15;16:00:00;313;G;2.7;G
2021-01-15;17:00:00;307;G;3.6;G
2021-01-15;18:00:00;302;G;3.5;G
2021-01-15;19:00:00;306;G;4.8;G
2021-01-15;20:00:00;303;G;4.2;G
2021-01-15;21:00:00;305;G;3.0;G
2021-01-15;22:00:00;293;G;2.7;G
2021-01-15;23:00:00;315;G;3.8;G
2021-01-16;00:00:00;317;G;3.7;G
2021-01-16;01:00:00;313;G;4.6;G
2021-01-16;02:00:00;315;G;4.2;G
2021-01-16;03:00:00;307;G;4.9;G
2021-01-16;04:00:00;313;G;4.5;G
2021-01-16;05:00:00;314;G;3.7;G
2021-01-16;06:00:00;316;G;3.4;G
2021-01-16;07:00:00;308;G;3.6;G
2021-01-16;08:00:00;319;G;2.9;G
2021-01-16;09:00:00;329;G;3.5;G
2021-01-16;10:00:00;354;G;2.6;G
2021-01-16;11:00:00;341;G;2.8;G
2021-01-16;12:00:00;344;G;1.7;G
2021-01-16;13:00:00;348;G;1.4;G
2021-01-16;14:00:00;23;G;1.3;G
2021-01-16;15:00:00;50;G;1.4;G
2021-01-16;16:00:00;53;G;1.8;G
2021-01-16;17:00:00;78;G;1.4;G
2021-01-16;18:00:00;108;G;1.8;G
2021-01-16;19:00:00;94;G;1.5;G
2021-01-16;20:00:00;132;G;0.5;G
2021-01-16;21:00:00;0;G;0.0;G
2021-01-16;22:00:00;0;G;0.0;G
2021-01-16;23:00:00;0;G;0.0;G
2021-01-17;00:00:00;0;G;0.0;G
2021-01-17;01:00:00;128;G;0.6;G
2021-01-17;02:00:00;0;G;0.0;G
2021-01-17;03:00:00;0;G;0.0;G
2021-01-17;04:00:00;0;G;0.0;G
2021-01-17;05:00:00;0;G;0.0;G
2021-01-17;06:00:00;0;G;0.0;G
2021-01-17;07:00:00;0;G;0.0;G
2021-01-17;08:00:00;8;G;1.0;G
2021-01-17;09:00:00;273;G;1.6;G
2021-01-17;10:00:00;221;G;0.6;G
2021-01-17;11:00:00;241;G;1.4;G
2021-01-17;12:00:00;251;G;1.5;G
2021-01-17;13:00:00;250;G;3.7;G
2021-01-17;14:00:00;247;G;3.2;G
2021-01-17;15:00:00;256;G;2.8;G
2021-01-17;16:00:00;256;G;1.8;G
2021-01-17;17:00:00;222;G;1.2;G
2021-01-17;18:00:00;224;G;1.4;G
2021-01-17;19:00:00;182;G;1.1;G
2021-01-17;20:00:00;0;G;0.0;G
2021-01-17;21:00:00;192;G;1.4;G
2021-01-17;22:00:00;220;G;1.2;G
2021-01-17;23:00:00;211;G;1.3;G
2021-01-18;00:00:00;221;G;1.5;G
2021-01-18;01:00:00;212;G;1.2;G
2021-01-18;02:00:00;212;G;1.3;G
2021-01-18;03:00:00;211;G;1.7;G
2021-01-18;04:00:00;220;G;2.1;G
2021-01-18;05:00:00;204;G;1.6;G
2021-01-18;06:00:00;201;G;1.9;G
2021-01-18;07:00:00;183;G;2.0;G
2021-01-18;08:00:00;193;G;2.4;G
2021-01-18;09:00:00;185;G;2.7;G
2021-01-18;10:00:00;188;G;3.0;G
2021-01-18;11:00:00;199;G;2.8;G
2021-01-18;12:00:00;204;G;2.8;G
2021-01-18;13:00:00;214;G;2.7;G
2021-01-18;14:00:00;206;G;2.6;G
2021-01-18;15:00:00;209;G;2.3;G
2021-01-18;16:00:00;189;G;2.0;G
2021-01-18;17:00:00;186;G;2.5;G
2021-01-18;18:00:00;184;G;0.9;G
2021-01-18;19:00:00;165;G;0.9;G
2021-01-18;20:00:00;190;G;1.9;G
2021-01-18;21:00:00;190;G;1.1;G
2021-01-18;22:00:00;212;G;1.4;G
2021-01-18;23:00:00;0;G;0.0;G
2021-01-19;00:00:00;168;G;0.7;G
2021-01-19;01:00:00;129;G;1.2;G
2021-01-19;02:00:00;0;G;0.0;G
2021-01-19;03:00:00;0;G;0.0;G
2021-01-19;04:00:00;132;G;0.8;G
2021-01-19;05:00:00;118;G;0.9;G
2021-01-19;06:00:00;122;G;0.5;G
2021-01-19;07:00:00;136;G;1.1;G
2021-01-19;08:00:00;0;G;0.0;G
2021-01-19;09:00:00;132;G;1.8;G
2021-01-19;10:00:00;129;G;1.5;G
2021-01-19;11:00:00;135;G;2.0;G
2021-01-19;12:00:00;143;G;2.7;G
2021-01-19;13:00:00;134;G;3.2;G
2021-01-19;14:00:00;139;G;2.5;G
2021-01-19;15:00:00;128;G;1.6;G
2021-01-19;16:00:00;125;G;1.4;G
2021-01-19;17:00:00;139;G;2.7;G
2021-01-19;18:00:00;139;G;1.8;G
2021-01-19;19:00:00;137;G;1.9;G
2021-01-19;20:00:00;144;G;2.5;G
2021-01-19;21:00:00;123;G;2.6;G
2021-01-19;22:00:00;109;G;3.2;G
2021-01-19;23:00:00;123;G;4.1;G
2021-01-20;00:00:00;123;G;4.2;G
2021-01-20;01:00:00;117;G;4.1;G
2021-01-20;02:00:00;110;G;4.0;G
2021-01-20;03:00:00;121;G;3.9;G
2021-01-20;04:00:00;105;G;4.0;G
2021-01-20;05:00:00;122;G;4.8;G
2021-01-20;06:00:00;100;G;3.7;G
2021-01-20;07:00:00;113;G;4.0;G
2021-01-20;08:00:00;101;G;3.8;G
2021-01-20;09:00:00;114;G;4.1;G
2021-01-20;10:00:00;125;G;4.9;G
2021-01-20;11:00:00;118;G;4.3;G
2021-01-20;12:00:00;124;G;7.0;G
2021-01-20;13:00:00;118;G;5.3;G
2021-01-20;14:00:00;119;G;5.2;G
2021-01-20;15:00:00;121;G;5.6;G
2021-01-20;16:00:00;115;G;5.4;G
2021-01-20;17:00:00;114;G;6.0;G
2021-01-20;18:00:00;116;G;6.0;G
2021-01-20;19:00:00;110;G;5.2;G
2021-01-20;20:00:00;108;G;4.4;G
2021-01-20;21:00:00;106;G;3.5;G
2021-01-20;22:00:00;108;G;2.0;G
2021-01-20;23:00:00;115;G;1.3;G
2021-01-21;00:00:00;137;G;1.9;G
2021-01-21;01:00:00;152;G;1.7;G
2021-01-21;02:00:00;151;G;1.6;G
2021-01-21;03:00:00;156;G;2.3;G
2021-01-21;04:00:00;165;G;2.7;G
2021-01-21;05:00:00;169;G;2.6;G
2021-01-21;06:00:00;179;G;2.6;G
2021-01-21;07:00:00;156;G;3.6;G
2021-01-21;08:00:00;178;G;4.4;G
2021-01-21;09:00:00;171;G;4.6;G
2021-01-21;10:00:00;161;G;3.9;G
2021-01-21;11:00:00;155;G;3.5;G
2021-01-21;12:00:00;150;G;5.1;G
2021-01-21;13:00:00;157;G;4.8;G
2021-01-21;14:00:00;167;G;5.1;G
2021-01-21;15:00:00;185;G;5.1;G
2021-01-21;16:00:00;201;G;4.4;G
2021-01-21;17:00:00;197;G;3.5;G
2021-01-21;18:00:00;191;G;3.3;G
2021-01-21;19:00:00;215;G;3.4;G
2021-01-21;20:00:00;161;G;1.5;G
2021-01-21;21:00:00;154;G;2.8;G
2021-01-21;22:00:00;169;G;3.0;G
2021-01-21;23:00:00;171;G;3.0;G
2021-01-22;00:00:00;184;G;2.8;G
2021-01-22;01:00:00;182;G;2.0;G
2021-01-22;02:00:00;179;G;2.5;G
2021-01-22;03:00:00;166;G;2.7;G
2021-01-22;04:00:00;174;G;2.8;G
2021-01-22;05:00:00;147;G;3.2;G
2021-01-22;06:00:00;152;G;3.1;G
2021-01-22;07:00:00;151;G;3.4;G
2021-01-22;08:00:00;145;G;4.0;G
2021-01-22;09:00:00;146;G;5.2;G
2021-01-22;10:00:00;133;G;5.0;G
2021-01-22;11:00:00;152;G;6.1;G
2021-01-22;12:00:00;151;G;6.6;G
2021-01-22;13:00:00;159;G;7.4;G
2021-01-22;14:00:00;178;G;7.8;G
2021-01-22;15:00:00;225;G;9.1;G
2021-01-22;16:00:00;204;G;5.6;G
2021-01-22;17:00:00;191;G;4.6;G
2021-01-22;18:00:00;181;G;5.1;G
2021-01-22;19:00:00;181;G;5.5;G
2021-01-22;20:00:00;178;G;5.5;G
2021-01-22;21:00:00;184;G;7.3;G
2021-01-22;22:00:00;190;G;6.1;G
2021-01-22;23:00:00;194;G;6.5;G
2021-01-23;00:00:00;196;G;6.2;G
2021-01-23;01:00:00;196;G;6.1;G
2021-01-23;02:00:00;200;G;6.1;G
2021-01-23;03:00:00;208;G;5.7;G
2021-01-23;04:00:00;214;G;5.5;G
2021-01-23;05:00:00;212;G;6.0;G
2021-01-23;06:00:00;215;G;5.9;G
2021-01-23;07:00:00;219;G;5.7;G
2021-01-23;08:00:00;220;G;6.4;G
2021-01-23;09:00:00;219;G;5.8;G
2021-01-23;10:00:00;218;G;6.7;G
2021-01-23;11:00:00;226;G;6.3;G
2021-01-23;12:00:00;232;G;4.6;G
2021-01-23;13:00:00;217;G;4.1;G
2021-01-23;14:00:00;210;G;3.2;G
2021-01-23;15:00:00;169;G;1.7;G
2021-01-23;16:00:00;206;G;0.7;G
2021-01-23;17:00:00;127;G;1.2;G
2021-01-23;18:00:00;151;G;1.0;G
2021-01-23;19:00:00;0;G;0.0;G
2021-01-23;20:00:00;0;G;0.0;G
2021-01-23;21:00:00;0;G;0.0;G
2021-01-23;22:00:00;0;G;0.0;G
2021-01-23;23:00:00;0;G;0.0;G
2021-01-24;00:00:00;0;G;0.0;G
2021-01-24;01:00:00;251;G;0.9;G
2021-01-24;02:00:00;117;G;0.6;G
2021-01-24;03:00:00;0;G;0.0;G
2021-01-24;04:00:00;251;G;0.9;G
2021-01-24;05:00:00;255;G;0.8;G
2021-01-24;06:00:00;0;G;0.0;G
2021-01-24;07:00:00;231;G;1.0;G
2021-01-24;08:00:00;0;G;0.0;G
2021-01-24;09:00:00;224;G;0.7;G
2021-01-24;10:00:00;300;G;1.4;G
2021-01-24;11:00:00;296;G;1.9;G
2021-01-24;12:00:00;334;G;0.9;G
2021-01-24;13:00:00;269;G;1.2;G
2021-01-24;14:00:00;319;G;1.6;G
2021-01-24;15:00:00;343;G;1.8;G
2021-01-24;16:00:00;309;G;1.2;G
2021-01-24;17:00:00;297;G;1.3;G
2021-01-24;18:00:00;337;G;2.0;G
2021-01-24;19:00:00;10;G;0.7;G
2021-01-24;20:00:00;4;G;1.2;G
2021-01-24;21:00:00;356;G;1.5;G
2021-01-24;22:00:00;352;G;2.2;G
2021-01-24;23:00:00;353;G;3.3;G
2021-01-25;00:00:00;1;G;3.9;G
2021-01-25;01:00:00;358;G;4.0;G
2021-01-25;02:00:00;5;G;3.5;G
2021-01-25;03:00:00;339;G;3.9;G
2021-01-25;04:00:00;327;G;3.6;G
2021-01-25;05:00:00;330;G;3.7;G
2021-01-25;06:00:00;328;G;3.9;G
2021-01-25;07:00:00;321;G;4.1;G
2021-01-25;08:00:00;327;G;4.4;G
2021-01-25;09:00:00;317;G;4.1;G
2021-01-25;10:00:00;315;G;4.9;G
2021-01-25;11:00:00;320;G;4.0;G
2021-01-25;12:00:00;305;G;5.1;G
2021-01-25;13:00:00;305;G;5.3;G
2021-01-25;14:00:00;299;G;5.1;G
2021-01-25;15:00:00;296;G;5.5;G
2021-01-25;16:00:00;300;G;5.4;G
2021-01-25;17:00:00;308;G;4.9;G
2021-01-25;18:00:00;309;G;5.1;G
2021-01-25;19:00:00;302;G;4.3;G
2021-01-25;20:00:00;302;G;4.0;G
2021-01-25;21:00:00;304;G;3.9;G
2021-01-25;22:00:00;303;G;4.0;G
2021-01-25;23:00:00;303;G;3.3;G
2021-01-26;00:00:00;305;G;4.3;G
2021-01-26;01:00:00;306;G;3.2;G
2021-01-26;02:00:00;303;G;3.5;G
2021-01-26;03:00:00;310;G;3.3;G
2021-01-26;04:00:00;312;G;2.6;G
2021-01-26;05:00:00;308;G;2.8;G
2021-01-26;06:00:00;305;G;3.4;G
2021-01-26;07:00:00;305;G;2.9;G
2021-01-26;08:00:00;303;G;3.8;G
2021-01-26;09:00:00;306;G;3.8;G
2021-01-26;10:00:00;311;G;4.7;G
2021-01-26;11:00:00;315;G;4.8;G
2021-01-26;12:00:00;312;G;4.6;G
2021-01-26;13:00:00;318;G;4.6;G
2021-01-26;14:00:00;315;G;4.4;G
2021-01-26;15:00:00;311;G;4.4;G
2021-01-26;16:00:00;314;G;4.9;G
2021-01-26;17:00:00;317;G;4.4;G
2021-01-26;18:00:00;315;G;4.2;G
2021-01-26;19:00:00;316;G;3.7;G
2021-01-26;20:00:00;310;G;4.4;G
2021-01-26;21:00:00;308;G;4.7;G
2021-01-26;22:00:00;315;G;4.6;G
2021-01-26;23:00:00;326;G;4.5;G
2021-01-27;00:00:00;329;G;4.6;G
2021-01-27;01:00:00;336;G;5.7;G
2021-01-27;02:00:00;311;G;5.2;G
2021-01-27;03:00:00;317;G;4.3;G
2021-01-27;04:00:00;325;G;4.2;G
2021-01-27;05:00:00;306;G;4.1;G
2021-01-27;06:00:00;328;G;3.5;G
2021-01-27;07:00:00;316;G;3.8;G
2021-01-27;08:00:00;315;G;3.2;G
2021-01-27;09:00:00;301;G;3.4;G
2021-01-27;10:00:00;318;G;4.1;G
2021-01-27;11:00:00;306;G;3.3;G
2021-01-27;12:00:00;316;G;3.3;G
2021-01-27;13:00:00;311;G;3.1;G
2021-01-27;14:00:00;313;G;2.8;G
2021-01-27;15:00:00;288;G;2.5;G
2021-01-27;16:00:00;309;G;2.2;G
2021-01-27;17:00:00;231;G;1.1;G
2021-01-27;18:00:00;0;G;0.0;G
2021-01-27;19:00:00;0;G;0.0;G
2021-01-27;20:00:00;0;G;0.0;G
2021-01-27;21:00:00;0;G;0.0;G
2021-01-27;22:00:00;236;G;0.6;G
2021-01-27;23:00:00;0;G;0.0;G
2021-01-28;00:00:00;0;G;0.0;G
2021-01-28;01:00:00;0;G;0.0;G
2021-01-28;02:00:00;0;G;0.0;G
2021-01-28;03:00:00;0;G;0.0;G
2021-01-28;04:00:00;0;G;0.0;G
2021-01-28;05:00:00;0;G;0.0;G
2021-01-28;06:00:00;354;G;1.2;G
2021-01-28;07:00:00;0;G;0.0;G
2021-01-28;08:00:00;357;G;1.0;G
2021-01-28;09:00:00;4;G;1.2;G
2021-01-28;10:00:00;17;G;2.5;G
2021-01-28;11:00:00;11;G;3.1;G
2021-01-28;12:00:00;13;G;3.8;G
2021-01-28;13:00:00;12;G;4.2;G
2021-01-28;14:00:00;19;G;4.8;G
2021-01-28;15:00:00;23;G;4.3;G
2021-01-28;16:00:00;28;G;4.4;G
2021-01-28;17:00:00;32;G;4.5;G
2021-01-28;18:00:00;34;G;4.7;G
2021-01-28;19:00:00;35;G;4.4;G
2021-01-28;20:00:00;55;G;4.2;G
2021-01-28;21:00:00;34;G;4.0;G
2021-01-28;22:00:00;31;G;4.5;G
2021-01-28;23:00:00;20;G;3.3;G
2021-01-29;00:00:00;16;G;2.5;G
2021-01-29;01:00:00;15;G;3.1;G
2021-01-29;02:00:00;360;G;2.8;G
2021-01-29;03:00:00;3;G;2.6;G
2021-01-29;04:00:00;348;G;2.0;G
2021-01-29;05:00:00;339;G;2.1;G
2021-01-29;06:00:00;350;G;1.3;G
2021-01-29;07:00:00;328;G;1.6;G
2021-01-29;08:00:00;330;G;3.4;G
2021-01-29;09:00:00;323;G;2.8;G
2021-01-29;10:00:00;325;G;3.2;G
2021-01-29;11:00:00;306;G;3.6;G
2021-01-29;12:00:00;308;G;4.4;G
2021-01-29;13:00:00;327;G;3.8;G
2021-01-29;14:00:00;318;G;3.6;G
2021-01-29;15:00:00;316;G;3.5;G
2021-01-29;16:00:00;317;G;4.2;G
2021-01-29;17:00:00;321;G;4.3;G
2021-01-29;18:00:00;310;G;4.8;G
2021-01-29;19:00:00;316;G;3.8;G
2021-01-29;20:00:00;323;G;4.4;G
2021-01-29;21:00:00;322;G;3.5;G
2021-01-29;22:00:00;317;G;4.0;G
2021-01-29;23:00:00;317;G;4.1;G
2021-01-30;00:00:00;312;G;5.1;G
2021-01-30;01:00:00;309;G;4.3;G
2021-01-30;02:00:00;307;G;3.7;G
2021-01-30;03:00:00;314;G;3.6;G
2021-01-30;04:00:00;309;G;4.5;G
2021-01-30;05:00:00;302;G;4.1;G
2021-01-30;06:00:00;303;G;3.4;G
2021-01-30;07:00:00;310;G;3.1;G
2021-01-30;08:00:00;285;G;2.2;G
2021-01-30;09:00:00;300;G;3.6;G
2021-01-30;10:00:00;314;G;2.9;G
2021-01-30;11:00:00;287;G;3.6;G
2021-01-30;12:00:00;303;G;3.2;G
2021-01-30;13:00:00;279;G;3.0;G
2021-01-30;14:00:00;293;G;3.6;G
2021-01-30;15:00:00;288;G;2.9;G
2021-01-30;16:00:00;272;G;3.3;G
2021-01-30;17:00:00;267;G;3.5;G
2021-01-30;18:00:00;263;G;2.8;G
2021-01-30;19:00:00;252;G;2.3;G
2021-01-30;20:00:00;233;G;2.1;G
2021-01-30;21:00:00;240;G;1.5;G
2021-01-30;22:00:00;0;G;0.0;G
2021-01-30;23:00:00;235;G;0.9;G
2021-01-31;00:00:00;314;G;3.6;G
2021-01-31;01:00:00;302;G;3.3;G
2021-01-31;02:00:00;314;G;3.4;G
2021-01-31;03:00:00;316;G;1.5;G
2021-01-31;04:00:00;256;G;1.9;G
2021-01-31;05:00:00;242;G;2.3;G
2021-01-31;06:00:00;250;G;1.0;G
2021-01-31;07:00:00;256;G;0.5;G
2021-01-31;08:00:00;237;G;1.7;G
2021-01-31;09:00:00;238;G;1.6;G
2021-01-31;10:00:00;236;G;1.2;G
2021-01-31;11:00:00;259;G;1.7;G
2021-01-31;12:00:00;243;G;1.9;G
2021-01-31;13:00:00;254;G;2.2;G
2021-01-31;14:00:00;242;G;1.8;G
2021-01-31;15:00:00;217;G;0.9;G
2021-01-31;16:00:00;0;G;0.0;G
2021-01-31;17:00:00;230;G;0.6;G
2021-01-31;18:00:00;0;G;0.0;G
2021-01-31;19:00:00;0;G;0.0;G
2021-01-31;20:00:00;0;G;0.0;G
2021-01-31;21:00:00;252;G;0.8;G
2021-01-31;22:00:00;0;G;0.0;G
2021-01-31;23:00:00;0;G;0.0;G
2021-02-01;00:00:00;0;G;0.0;G
2021-02-01;01:00:00;0;G;0.0;G
2021-02-01;02:00:00;0;G;0.0;G
2021-02-01;03:00:00;245;G;0.6;G
2021-02-01;04:00:00;0;G;0.0;G
2021-02-01;05:00:00;0;G;0.0;G
2021-02-01;06:00:00;0;G;0.0;G
2021-02-01;07:00:00;0;G;0.0;G
2021-02-01;08:00:00;0;G;0.0;G
2021-02-01;09:00:00;0;G;0.0;G
2021-02-01;10:00:00;220;G;0.9;G
2021-02-01;11:00:00;222;G;0.9;G
2021-02-01;12:00:00;222;G;2.0;G
2021-02-01;13:00:00;0;G;0.0;G
2021-02-01;14:00:00;123;G;1.0;G
2021-02-01;15:00:00;39;G;0.9;G
2021-02-01;16:00:00;0;G;0.0;G
2021-02-01;17:00:00;0;G;0.0;G
2021-02-01;18:00:00;0;G;0.0;G
2021-02-01;19:00:00;238;G;0.7;G
2021-02-01;20:00:00;235;G;0.7;G
2021-02-01;21:00:00;0;G;0.0;G
2021-02-01;22:00:00;56;G;0.8;G
2021-02-01;23:00:00;210;G;0.8;G
2021-02-02;00:00:00;0;G;0.0;G
2021-02-02;01:00:00;116;G;0.6;G
2021-02-02;02:00:00;0;G;0.0;G
2021-02-02;03:00:00;0;G;0.0;G
2021-02-02;04:00:00;55;G;2.8;G
2021-02-02;05:00:00;76;G;1.6;G
2021-02-02;06:00:00;53;G;2.3;G
2021-02-02;07:00:00;71;G;1.6;G
2021-02-02;08:00:00;70;G;1.2;G
2021-02-02;09:00:00;83;G;1.5;G
2021-02-02;10:00:00;0;G;0.0;G
2021-02-02;11:00:00;27;G;0.9;G
2021-02-02;12:00:00;43;G;0.7;G
2021-02-02;13:00:00;85;G;1.6;G
2021-02-02;14:00:00;18;G;1.7;G
2021-02-02;15:00:00;8;G;2.4;G
2021-02-02;16:00:00;34;G;2.5;G
2021-02-02;17:00:00;21;G;2.6;G
2021-02-02;18:00:00;6;G;2.6;G
2021-02-02;19:00:00;17;G;3.7;G
2021-02-02;20:00:00;10;G;4.0;G
2021-02-02;21:00:00;4;G;3.9;G
2021-02-02;22:00:00;7;G;3.4;G
2021-02-02;23:00:00;358;G;4.3;G
2021-02-03;00:00:00;352;G;3.9;G
2021-02-03;01:00:00;342;G;4.1;G
2021-02-03;02:00:00;334;G;4.5;G
2021-02-03;03:00:00;332;G;4.6;G
2021-02-03;04:00:00;337;G;3.2;G
2021-02-03;05:00:00;317;G;4.6;G
2021-02-03;06:00:00;316;G;4.4;G
2021-02-03;07:00:00;324;G;3.0;G
2021-02-03;08:00:00;324;G;3.7;G
2021-02-03;09:00:00;316;G;4.2;G
2021-02-03;10:00:00;317;G;3.8;G
2021-02-03;11:00:00;313;G;3.1;G
2021-02-03;12:00:00;315;G;4.0;G
2021-02-03;13:00:00;316;G;4.0;G
2021-02-03;14:00:00;319;G;3.8;G
2021-02-03;15:00:00;319;G;3.7;G
2021-02-03;16:00:00;329;G;4.2;G
2021-02-03;17:00:00;313;G;4.1;G
2021-02-03;18:00:00;314;G;3.3;G
2021-02-03;19:00:00;320;G;3.0;G
2021-02-03;20:00:00;334;G;3.5;G
2021-02-03;21:00:00;327;G;3.4;G
2021-02-03;22:00:00;327;G;3.6;G
2021-02-03;23:00:00;328;G;3.5;G
2021-02-04;00:00:00;322;G;3.4;G
2021-02-04;01:00:00;314;G;3.6;G
2021-02-04;02:00:00;322;G;3.6;G
2021-02-04;03:00:00;321;G;3.6;G
2021-02-04;04:00:00;326;G;3.5;G
2021-02-04;05:00:00;310;G;2.5;G
2021-02-04;06:00:00;318;G;3.4;G
2021-02-04;07:00:00;317;G;3.6;G
2021-02-04;08:00:00;317;G;4.2;G
2021-02-04;09:00:00;319;G;4.7;G
2021-02-04;10:00:00;321;G;5.4;G
2021-02-04;11:00:00;314;G;5.1;G
2021-02-04;12:00:00;313;G;4.9;G
2021-02-04;13:00:00;312;G;4.7;G
2021-02-04;14:00:00;314;G;3.8;G
2021-02-04;15:00:00;317;G;3.9;G
2021-02-04;16:00:00;312;G;4.9;G
2021-02-04;17:00:00;322;G;4.5;G
2021-02-04;18:00:00;322;G;3.9;G
2021-02-04;19:00:00;314;G;3.9;G
2021-02-04;20:00:00;299;G;3.6;G
2021-02-04;21:00:00;313;G;4.1;G
2021-02-04;22:00:00;316;G;3.7;G
2021-02-04;23:00:00;319;G;4.1;G
2021-02-05;00:00:00;315;G;4.1;G
2021-02-05;01:00:00;321;G;3.6;G
2021-02-05;02:00:00;317;G;3.4;G
2021-02-05;03:00:00;303;G;3.6;G
2021-02-05;04:00:00;315;G;3.2;G
2021-02-05;05:00:00;314;G;2.4;G
2021-02-05;06:00:00;316;G;2.1;G
2021-02-05;07:00:00;320;G;2.3;G
2021-02-05;08:00:00;338;G;2.0;G
2021-02-05;09:00:00;316;G;3.6;G
2021-02-05;10:00:00;335;G;2.9;G
2021-02-05;11:00:00;318;G;2.5;G
2021-02-05;12:00:00;314;G;3.1;G
2021-02-05;13:00:00;328;G;3.6;G
2021-02-05;14:00:00;323;G;2.9;G
2021-02-05;15:00:00;296;G;2.6;G
2021-02-05;16:00:00;303;G;2.5;G
2021-02-05;17:00:00;306;G;2.1;G
2021-02-05;18:00:00;298;G;1.4;G
2021-02-05;19:00:00;0;G;0.0;G
2021-02-05;20:00:00;290;G;2.1;G
2021-02-05;21:00:00;317;G;1.0;G
2021-02-05;22:00:00;314;G;2.9;G
2021-02-05;23:00:00;335;G;1.7;G
2021-02-06;00:00:00;344;G;2.0;G
2021-02-06;01:00:00;2;G;2.0;G
2021-02-06;02:00:00;347;G;2.2;G
2021-02-06;03:00:00;346;G;1.7;G
2021-02-06;04:00:00;291;G;0.6;G
2021-02-06;05:00:00;318;G;2.0;G
2021-02-06;06:00:00;259;G;1.2;G
2021-02-06;07:00:00;304;G;2.4;G
2021-02-06;08:00:00;312;G;2.7;G
2021-02-06;09:00:00;317;G;3.0;G
2021-02-06;10:00:00;315;G;3.2;G
2021-02-06;11:00:00;316;G;4.3;G
2021-02-06;12:00:00;315;G;3.7;G
2021-02-06;13:00:00;310;G;4.2;G
2021-02-06;14:00:00;311;G;2.8;G
2021-02-06;15:00:00;290;G;2.9;G
2021-02-06;16:00:00;286;G;2.4;G
2021-02-06;17:00:00;308;G;2.1;G
2021-02-06;18:00:00;259;G;0.8;G
2021-02-06;19:00:00;278;G;2.4;G
2021-02-06;20:00:00;263;G;2.1;G
2021-02-06;21:00:00;294;G;2.5;G
2021-02-06;22:00:00;316;G;3.9;G
2021-02-06;23:00:00;337;G;3.0;G
2021-02-07;00:00:00;318;G;0.5;G
2021-02-07;01:00:00;13;G;0.6;G
2021-02-07;02:00:00;0;G;0.0;G
2021-02-07;03:00:00;0;G;0.0;G
2021-02-07;04:00:00;0;G;0.0;G
2021-02-07;05:00:00;0;G;0.0;G
2021-02-07;06:00:00;0;G;0.0;G
2021-02-07;07:00:00;0;G;0.0;G
2021-02-07;08:00:00;0;G;0.0;G
2021-02-07;09:00:00;0;G;0.0;G
2021-02-07;10:00:00;322;G;1.4;G
2021-02-07;11:00:00;316;G;2.9;G
2021-02-07;12:00:00;322;G;3.1;G
2021-02-07;13:00:00;324;G;4.0;G
2021-02-07;14:00:00;315;G;3.3;G
2021-02-07;15:00:00;314;G;2.6;G
2021-02-07;16:00:00;324;G;3.4;G
2021-02-07;17:00:00;322;G;2.6;G
2021-02-07;18:00:00;315;G;2.6;G
2021-02-07;19:00:00;308;G;1.0;G
2021-02-07;20:00:00;1;G;0.9;G
2021-02-07;21:00:00;242;G;0.6;G
2021-02-07;22:00:00;0;G;0.0;G
2021-02-07;23:00:00;0;G;0.0;G
2021-02-08;00:00:00;0;G;0.0;G
2021-02-08;01:00:00;0;G;0.0;G
2021-02-08;02:00:00;0;G;0.0;G
2021-02-08;03:00:00;0;G;0.0;G
2021-02-08;04:00:00;0;G;0.0;G
2021-02-08;05:00:00;0;G;0.0;G
2021-02-08;06:00:00;0;G;0.0;G
2021-02-08;07:00:00;0;G;0.0;G
2021-02-08;08:00:00;285;G;0.8;G
2021-02-08;09:00:00;290;G;0.6;G
2021-02-08;10:00:00;307;G;0.8;G
2021-02-08;11:00:00;324;G;2.0;G
2021-02-08;12:00:00;17;G;3.2;G
2021-02-08;13:00:00;11;G;4.3;G
2021-02-08;14:00:00;42;G;3.6;G
2021-02-08;15:00:00;36;G;2.2;G
2021-02-08;16:00:00;13;G;2.3;G
2021-02-08;17:00:00;17;G;2.8;G
2021-02-08;18:00:00;18;G;2.9;G
2021-02-08;19:00:00;20;G;3.8;G
2021-02-08;20:00:00;23;G;3.6;G
2021-02-08;21:00:00;22;G;2.7;G
2021-02-08;22:00:00;15;G;2.9;G
2021-02-08;23:00:00;16;G;3.2;G
2021-02-09;00:00:00;12;G;2.7;G
2021-02-09;01:00:00;10;G;2.2;G
2021-02-09;02:00:00;9;G;2.6;G
2021-02-09;03:00:00;13;G;3.5;G
2021-02-09;04:00:00;9;G;2.8;G
2021-02-09;05:00:00;25;G;2.7;G
2021-02-09;06:00:00;14;G;2.5;G
2021-02-09;07:00:00;16;G;3.2;G
2021-02-09;08:00:00;24;G;2.6;G
2021-02-09;09:00:00;20;G;3.0;G
2021-02-09;10:00:00;29;G;4.5;G
2021-02-09;11:00:00;31;G;4.3;G
2021-02-09;12:00:00;26;G;4.5;G
2021-02-09;13:00:00;19;G;3.7;G
2021-02-09;14:00:00;25;G;3.7;G
2021-02-09;15:00:00;26;G;3.3;G
2021-02-09;16:00:00;16;G;2.5;G
2021-02-09;17:00:00;2;G;2.1;G
2021-02-09;18:00:00;352;G;1.6;G
2021-02-09;19:00:00;0;G;0.0;G
2021-02-09;20:00:00;0;G;0.0;G
2021-02-09;21:00:00;0;G;0.0;G
2021-02-09;22:00:00;0;G;0.0;G
2021-02-09;23:00:00;0;G;0.0;G
2021-02-10;00:00:00;0;G;0.0;G
2021-02-10;01:00:00;0;G;0.0;G
2021-02-10;02:00:00;0;G;0.0;G
2021-02-10;03:00:00;252;G;0.7;G
2021-02-10;04:00:00;0;G;0.0;G
2021-02-10;05:00:00;251;G;0.8;G
2021-02-10;06:00:00;0;G;0.0;G
2021-02-10;07:00:00;0;G;0.0;G
2021-02-10;08:00:00;254;G;0.6;G
2021-02-10;09:00:00;0;G;0.0;G
2021-02-10;10:00:00;315;G;1.6;G
2021-02-10;11:00:00;3;G;3.2;G
2021-02-10;12:00:00;360;G;3.9;G
2021-02-10;13:00:00;12;G;4.2;G
2021-02-10;14:00:00;358;G;3.5;G
2021-02-10;15:00:00;353;G;2.6;G
2021-02-10;16:00:00;352;G;2.1;G
2021-02-10;17:00:00;348;G;2.6;G
2021-02-10;18:00:00;338;G;3.1;G
2021-02-10;19:00:00;340;G;2.7;G
2021-02-10;20:00:00;350;G;2.3;G
2021-02-10;21:00:00;360;G;2.4;G
2021-02-10;22:00:00;3;G;2.2;G
2021-02-10;23:00:00;23;G;3.0;G
2021-02-11;00:00:00;12;G;3.3;G
2021-02-11;01:00:00;350;G;2.4;G
2021-02-11;02:00:00;337;G;1.9;G
2021-02-11;03:00:00;331;G;2.6;G
2021-02-11;04:00:00;335;G;2.3;G
2021-02-11;05:00:00;340;G;2.9;G
2021-02-11;06:00:00;343;G;1.6;G
2021-02-11;07:00:00;323;G;0.7;G
2021-02-11;08:00:00;315;G;0.6;G
2021-02-11;09:00:00;332;G;2.3;G
2021-02-11;10:00:00;318;G;2.3;G
2021-02-11;11:00:00;315;G;3.3;G
2021-02-11;12:00:00;322;G;3.0;G
2021-02-11;13:00:00;325;G;2.8;G
2021-02-11;14:00:00;319;G;3.5;G
2021-02-11;15:00:00;323;G;3.3;G
2021-02-11;16:00:00;329;G;3.2;G
2021-02-11;17:00:00;319;G;3.1;G
2021-02-11;18:00:00;317;G;2.6;G
2021-02-11;19:00:00;312;G;2.1;G
2021-02-11;20:00:00;292;G;0.9;G
2021-02-11;21:00:00;324;G;2.0;G
2021-02-11;22:00:00;326;G;1.3;G
2021-02-11;23:00:00;278;G;0.8;G
2021-02-12;00:00:00;320;G;2.6;G
2021-02-12;01:00:00;290;G;0.8;G
2021-02-12;02:00:00;284;G;0.7;G
2021-02-12;03:00:00;319;G;2.9;G
2021-02-12;04:00:00;271;G;1.5;G
2021-02-12;05:00:00;311;G;1.4;G
2021-02-12;06:00:00;248;G;1.1;G
2021-02-12;07:00:00;225;G;0.8;G
2021-02-12;08:00:00;294;G;0.5;G
2021-02-12;09:00:00;0;G;0.0;G
2021-02-12;10:00:00;324;G;2.2;G
2021-02-12;11:00:00;314;G;2.5;G
2021-02-12;12:00:00;300;G;2.3;G
2021-02-12;13:00:00;295;G;2.9;G
2021-02-12;14:00:00;302;G;3.6;G
2021-02-12;15:00:00;292;G;2.9;G
2021-02-12;16:00:00;291;G;2.2;G
2021-02-12;17:00:00;295;G;2.8;G
2021-02-12;18:00:00;291;G;3.1;G
2021-02-12;19:00:00;300;G;2.8;G
2021-02-12;20:00:00;305;G;3.1;G
2021-02-12;21:00:00;317;G;3.2;G
2021-02-12;22:00:00;316;G;3.2;G
2021-02-12;23:00:00;311;G;3.2;G
2021-02-13;00:00:00;307;G;2.8;G
2021-02-13;01:00:00;310;G;2.3;G
2021-02-13;02:00:00;301;G;3.9;G
2021-02-13;03:00:00;301;G;4.2;G
2021-02-13;04:00:00;298;G;4.3;G
2021-02-13;05:00:00;297;G;4.9;G
2021-02-13;06:00:00;290;G;3.2;G
2021-02-13;07:00:00;293;G;3.3;G
2021-02-13;08:00:00;291;G;4.3;G
2021-02-13;09:00:00;289;G;3.7;G
2021-02-13;10:00:00;292;G;4.7;G
2021-02-13;11:00:00;293;G;4.2;G
2021-02-13;12:00:00;296;G;5.2;G
2021-02-13;13:00:00;298;G;5.0;G
2021-02-13;14:00:00;290;G;5.6;G
2021-02-13;15:00:00;296;G;4.8;G
2021-02-13;16:00:00;296;G;3.7;G
2021-02-13;17:00:00;305;G;3.5;G
2021-02-13;18:00:00;303;G;4.5;G
2021-02-13;19:00:00;301;G;4.8;G
2021-02-13;20:00:00;291;G;4.7;G
2021-02-13;21:00:00;291;G;4.2;G
2021-02-13;22:00:00;290;G;3.4;G
2021-02-13;23:00:00;290;G;3.9;G
2021-02-14;00:00:00;281;G;3.5;G
2021-02-14;01:00:00;273;G;3.0;G
2021-02-14;02:00:00;278;G;2.9;G
2021-02-14;03:00:00;286;G;3.8;G
2021-02-14;04:00:00;285;G;4.0;G
2021-02-14;05:00:00;283;G;3.1;G
2021-02-14;06:00:00;278;G;2.6;G
2021-02-14;07:00:00;291;G;3.8;G
2021-02-14;08:00:00;297;G;3.5;G
2021-02-14;09:00:00;299;G;4.5;G
2021-02-14;10:00:00;309;G;3.2;G
2021-02-14;11:00:00;313;G;3.8;G
2021-02-14;12:00:00;314;G;4.5;G
2021-02-14;13:00:00;330;G;3.4;G
2021-02-14;14:00:00;332;G;5.2;G
2021-02-14;15:00:00;334;G;2.8;G
2021-02-14;16:00:00;305;G;2.3;G
2021-02-14;17:00:00;299;G;2.1;G
2021-02-14;18:00:00;280;G;2.0;G
2021-02-14;19:00:00;275;G;1.3;G
2021-02-14;20:00:00;277;G;1.4;G
2021-02-14;21:00:00;0;G;0.0;G
2021-02-14;22:00:00;0;G;0.0;G
2021-02-14;23:00:00;0;G;0.0;G
2021-02-15;00:00:00;0;G;0.0;G
2021-02-15;01:00:00;0;G;0.0;G
2021-02-15;02:00:00;0;G;0.0;G
2021-02-15;03:00:00;0;G;0.0;G
2021-02-15;04:00:00;0;G;0.0;G
2021-02-15;05:00:00;0;G;0.0;G
2021-02-15;06:00:00;0;G;0.0;G
2021-02-15;07:00:00;247;G;0.7;G
2021-02-15;08:00:00;124;G;0.6;G
2021-02-15;09:00:00;230;G;0.9;G
2021-02-15;10:00:00;246;G;2.1;G
2021-02-15;11:00:00;229;G;3.7;G
2021-02-15;12:00:00;228;G;3.9;G
2021-02-15;13:00:00;215;G;2.7;G
2021-02-15;14:00:00;217;G;2.1;G
2021-02-15;15:00:00;157;G;1.4;G
2021-02-15;16:00:00;124;G;1.3;G
2021-02-15;17:00:00;215;G;0.9;G
2021-02-15;18:00:00;144;G;1.0;G
2021-02-15;19:00:00;134;G;1.0;G
2021-02-15;20:00:00;0;G;0.0;G
2021-02-15;21:00:00;0;G;0.0;G
2021-02-15;22:00:00;0;G;0.0;G
2021-02-15;23:00:00;0;G;0.0;G
2021-02-16;00:00:00;0;G;0.0;G
2021-02-16;01:00:00;0;G;0.0;G
2021-02-16;02:00:00;124;G;0.9;G
2021-02-16;03:00:00;0;G;0.0;G
2021-02-16;04:00:00;0;G;0.0;G
2021-02-16;05:00:00;0;G;0.0;G
2021-02-16;06:00:00;0;G;0.0;G
2021-02-16;07:00:00;0;G;0.0;G
2021-02-16;08:00:00;0;G;0.0;G
2021-02-16;09:00:00;0;G;0.0;G
2021-02-16;10:00:00;277;G;0.9;G
2021-02-16;11:00:00;329;G;2.1;G
2021-02-16;12:00:00;325;G;2.4;G
2021-02-16;13:00:00;334;G;2.7;G
2021-02-16;14:00:00;303;G;1.5;G
2021-02-16;15:00:00;316;G;2.1;G
2021-02-16;16:00:00;350;G;1.9;G
2021-02-16;17:00:00;53;G;2.3;G
2021-02-16;18:00:00;40;G;1.6;G
2021-02-16;19:00:00;36;G;1.8;G
2021-02-16;20:00:00;0;G;0.0;G
2021-02-16;21:00:00;340;G;0.7;G
2021-02-16;22:00:00;0;G;0.0;G
2021-02-16;23:00:00;30;G;0.9;G
2021-02-17;00:00:00;51;G;1.6;G
2021-02-17;01:00:00;77;G;2.1;G
2021-02-17;02:00:00;86;G;3.2;G
2021-02-17;03:00:00;78;G;4.0;G
2021-02-17;04:00:00;78;G;4.1;G
2021-02-17;05:00:00;89;G;4.0;G
2021-02-17;06:00:00;90;G;5.3;G
2021-02-17;07:00:00;77;G;4.0;G
2021-02-17;08:00:00;80;G;3.9;G
2021-02-17;09:00:00;104;G;4.5;G
2021-02-17;10:00:00;101;G;5.5;G
2021-02-17;11:00:00;93;G;4.3;G
2021-02-17;12:00:00;89;G;4.2;G
2021-02-17;13:00:00;111;G;5.2;G
2021-02-17;14:00:00;93;G;3.6;G
2021-02-17;15:00:00;92;G;3.0;G
2021-02-17;16:00:00;116;G;3.1;G
2021-02-17;17:00:00;110;G;1.8;G
2021-02-17;18:00:00;100;G;2.6;G
2021-02-17;19:00:00;85;G;2.3;G
2021-02-17;20:00:00;83;G;0.7;G
2021-02-17;21:00:00;94;G;1.7;G
2021-02-17;22:00:00;118;G;2.1;G
2021-02-17;23:00:00;129;G;1.9;G
2021-02-18;00:00:00;135;G;2.0;G
2021-02-18;01:00:00;145;G;1.0;G
2021-02-18;02:00:00;124;G;2.7;G
2021-02-18;03:00:00;130;G;3.0;G
2021-02-18;04:00:00;156;G;2.1;G
2021-02-18;05:00:00;112;G;2.5;G
2021-02-18;06:00:00;147;G;1.7;G
2021-02-18;07:00:00;162;G;1.5;G
2021-02-18;08:00:00;162;G;2.1;G
2021-02-18;09:00:00;157;G;4.8;G
2021-02-18;10:00:00;178;G;4.0;G
2021-02-18;11:00:00;183;G;4.6;G
2021-02-18;12:00:00;172;G;3.2;G
2021-02-18;13:00:00;165;G;4.1;G
2021-02-18;14:00:00;170;G;4.2;G
2021-02-18;15:00:00;173;G;4.2;G
2021-02-18;16:00:00;158;G;3.4;G
2021-02-18;17:00:00;156;G;2.2;G
2021-02-18;18:00:00;170;G;3.9;G
2021-02-18;19:00:00;173;G;4.2;G
2021-02-18;20:00:00;172;G;3.3;G
2021-02-18;21:00:00;159;G;3.5;G
2021-02-18;22:00:00;176;G;3.2;G
2021-02-18;23:00:00;160;G;3.4;G
2021-02-19;00:00:00;153;G;3.6;G
2021-02-19;01:00:00;153;G;3.6;G
2021-02-19;02:00:00;157;G;4.3;G
2021-02-19;03:00:00;158;G;4.1;G
2021-02-19;04:00:00;164;G;3.7;G
2021-02-19;05:00:00;159;G;4.0;G
2021-02-19;06:00:00;157;G;3.4;G
2021-02-19;07:00:00;152;G;3.5;G
2021-02-19;08:00:00;146;G;3.4;G
2021-02-19;09:00:00;146;G;3.9;G
2021-02-19;10:00:00;156;G;3.5;G
2021-02-19;11:00:00;151;G;3.2;G
2021-02-19;12:00:00;138;G;3.4;G
2021-02-19;13:00:00;140;G;3.4;G
2021-02-19;14:00:00;157;G;3.1;G
2021-02-19;15:00:00;178;G;3.0;G
2021-02-19;16:00:00;158;G;2.4;G
2021-02-19;17:00:00;158;G;2.3;G
2021-02-19;18:00:00;171;G;1.9;G
2021-02-19;19:00:00;202;G;2.3;G
2021-02-19;20:00:00;219;G;2.3;G
2021-02-19;21:00:00;220;G;2.3;G
2021-02-19;22:00:00;222;G;2.6;G
2021-02-19;23:00:00;229;G;1.4;G
2021-02-20;00:00:00;230;G;1.2;G
2021-02-20;01:00:00;243;G;1.0;G
2021-02-20;02:00:00;239;G;2.1;G
2021-02-20;03:00:00;216;G;2.3;G
2021-02-20;04:00:00;224;G;2.3;G
2021-02-20;05:00:00;219;G;2.7;G
2021-02-20;06:00:00;213;G;2.3;G
2021-02-20;07:00:00;215;G;2.4;G
2021-02-20;08:00:00;184;G;1.4;G
2021-02-20;09:00:00;201;G;2.5;G
2021-02-20;10:00:00;204;G;1.9;G
2021-02-20;11:00:00;181;G;2.8;G
2021-02-20;12:00:00;177;G;3.1;G
2021-02-20;13:00:00;183;G;3.0;G
2021-02-20;14:00:00;176;G;3.6;G
2021-02-20;15:00:00;180;G;3.5;G
2021-02-20;16:00:00;176;G;3.5;G
2021-02-20;17:00:00;186;G;3.5;G
2021-02-20;18:00:00;188;G;3.9;G
2021-02-20;19:00:00;209;G;3.5;G
2021-02-20;20:00:00;217;G;2.6;G
2021-02-20;21:00:00;210;G;2.1;G
2021-02-20;22:00:00;225;G;2.6;G
2021-02-20;23:00:00;251;G;1.8;G
2021-02-21;00:00:00;216;G;1.5;G
2021-02-21;01:00:00;218;G;2.4;G
2021-02-21;02:00:00;228;G;0.6;G
2021-02-21;03:00:00;209;G;0.7;G
2021-02-21;04:00:00;218;G;1.0;G
2021-02-21;05:00:00;134;G;1.1;G
2021-02-21;06:00:00;110;G;0.7;G
2021-02-21;07:00:00;130;G;2.8;G
2021-02-21;08:00:00;191;G;1.0;G
2021-02-21;09:00:00;158;G;1.6;G
2021-02-21;10:00:00;170;G;1.9;G
2021-02-21;11:00:00;166;G;3.3;G
2021-02-21;12:00:00;175;G;3.1;G
2021-02-21;13:00:00;216;G;1.7;G
2021-02-21;14:00:00;197;G;2.0;G
2021-02-21;15:00:00;159;G;1.1;G
2021-02-21;16:00:00;192;G;1.8;G
2021-02-21;17:00:00;216;G;1.2;G
2021-02-21;18:00:00;192;G;0.7;G
2021-02-21;19:00:00;220;G;2.1;G
2021-02-21;20:00:00;219;G;3.1;G
2021-02-21;21:00:00;230;G;2.2;G
2021-02-21;22:00:00;233;G;1.6;G
2021-02-21;23:00:00;239;G;1.8;G
2021-02-22;00:00:00;242;G;3.1;G
2021-02-22;01:00:00;221;G;0.8;G
2021-02-22;02:00:00;239;G;0.6;G
2021-02-22;03:00:00;0;G;0.0;G
2021-02-22;04:00:00;0;G;0.0;G
2021-02-22;05:00:00;0;G;0.0;G
2021-02-22;06:00:00;0;G;0.0;G
2021-02-22;07:00:00;0;G;0.0;G
2021-02-22;08:00:00;138;G;0.5;G
2021-02-22;09:00:00;131;G;0.8;G
2021-02-22;10:00:00;78;G;1.8;G
2021-02-22;11:00:00;81;G;1.7;G
2021-02-22;12:00:00;92;G;2.5;G
2021-02-22;13:00:00;98;G;3.5;G
2021-02-22;14:00:00;102;G;2.7;G
2021-02-22;15:00:00;113;G;4.9;G
2021-02-22;16:00:00;104;G;3.8;G
2021-02-22;17:00:00;117;G;3.7;G
2021-02-22;18:00:00;128;G;4.3;G
2021-02-22;19:00:00;116;G;4.3;G
2021-02-22;20:00:00;127;G;5.5;G
2021-02-22;21:00:00;111;G;6.1;G
2021-02-22;22:00:00;139;G;5.4;G
2021-02-22;23:00:00;132;G;4.8;G
2021-02-23;00:00:00;127;G;5.0;G
2021-02-23;01:00:00;131;G;4.1;G
2021-02-23;02:00:00;145;G;3.9;G
2021-02-23;03:00:00;135;G;2.0;G
2021-02-23;04:00:00;172;G;1.6;G
2021-02-23;05:00:00;199;G;0.7;G
2021-02-23;06:00:00;231;G;1.0;G
2021-02-23;07:00:00;212;G;1.7;G
2021-02-23;08:00:00;225;G;1.4;G
2021-02-23;09:00:00;195;G;1.2;G
2021-02-23;10:00:00;234;G;2.1;G
2021-02-23;11:00:00;265;G;3.0;G
2021-02-23;12:00:00;274;G;5.3;G
2021-02-23;13:00:00;278;G;3.0;G
2021-02-23;14:00:00;279;G;3.1;G
2021-02-23;15:00:00;266;G;3.5;G
2021-02-23;16:00:00;267;G;3.7;G
2021-02-23;17:00:00;262;G;4.1;G
2021-02-23;18:00:00;267;G;4.1;G
2021-02-23;19:00:00;283;G;2.4;G
2021-02-23;20:00:00;242;G;2.6;G
2021-02-23;21:00:00;249;G;2.6;G
2021-02-23;22:00:00;170;G;0.9;G
2021-02-23;23:00:00;229;G;2.1;G
2021-02-24;00:00:00;0;G;0.0;G
2021-02-24;01:00:00;143;G;1.1;G
2021-02-24;02:00:00;143;G;1.2;G
2021-02-24;03:00:00;223;G;2.8;G
2021-02-24;04:00:00;273;G;1.2;G
2021-02-24;05:00:00;171;G;2.9;G
2021-02-24;06:00:00;173;G;3.5;G
2021-02-24;07:00:00;184;G;3.4;G
2021-02-24;08:00:00;197;G;3.8;G
2021-02-24;09:00:00;207;G;3.8;G
2021-02-24;10:00:00;199;G;3.7;G
2021-02-24;11:00:00;212;G;4.7;G
2021-02-24;12:00:00;210;G;3.4;G
2021-02-24;13:00:00;204;G;2.6;G
2021-02-24;14:00:00;208;G;2.6;G
2021-02-24;15:00:00;211;G;3.7;G
2021-02-24;16:00:00;215;G;3.0;G
2021-02-24;17:00:00;217;G;3.1;G
2021-02-24;18:00:00;218;G;4.4;G
2021-02-24;19:00:00;228;G;4.2;G
2021-02-24;20:00:00;230;G;4.9;G
2021-02-24;21:00:00;233;G;5.6;G
2021-02-24;22:00:00;239;G;5.3;G
2021-02-24;23:00:00;240;G;6.0;G
2021-02-25;00:00:00;241;G;6.2;G
2021-02-25;01:00:00;241;G;6.8;G
2021-02-25;02:00:00;240;G;7.0;G
2021-02-25;03:00:00;237;G;6.3;G
2021-02-25;04:00:00;225;G;6.1;G
2021-02-25;05:00:00;232;G;7.0;G
2021-02-25;06:00:00;222;G;7.1;G
2021-02-25;07:00:00;220;G;6.8;G
2021-02-25;08:00:00;218;G;5.6;G
2021-02-25;09:00:00;213;G;4.8;G
2021-02-25;10:00:00;208;G;6.0;G
2021-02-25;11:00:00;210;G;5.5;G
2021-02-25;12:00:00;207;G;4.7;G
2021-02-25;13:00:00;210;G;3.8;G
2021-02-25;14:00:00;214;G;4.1;G
2021-02-25;15:00:00;236;G;5.1;G
2021-02-25;16:00:00;242;G;7.8;G
2021-02-25;17:00:00;241;G;6.7;G
2021-02-25;18:00:00;248;G;8.5;G
2021-02-25;19:00:00;249;G;5.8;G
2021-02-25;20:00:00;245;G;7.0;G
2021-02-25;21:00:00;259;G;6.3;G
2021-02-25;22:00:00;261;G;6.3;G
2021-02-25;23:00:00;253;G;5.7;G
2021-02-26;00:00:00;244;G;5.9;G
2021-02-26;01:00:00;248;G;4.6;G
2021-02-26;02:00:00;255;G;4.9;G
2021-02-26;03:00:00;253;G;4.8;G
2021-02-26;04:00:00;257;G;4.8;G
2021-02-26;05:00:00;254;G;4.4;G
2021-02-26;06:00:00;264;G;4.4;G
2021-02-26;07:00:00;269;G;5.8;G
2021-02-26;08:00:00;279;G;6.2;G
2021-02-26;09:00:00;280;G;6.0;G
2021-02-26;10:00:00;294;G;7.2;G
2021-02-26;11:00:00;298;G;7.1;G
2021-02-26;12:00:00;302;G;5.7;G
2021-02-26;13:00:00;293;G;6.0;G
2021-02-26;14:00:00;292;G;5.9;G
2021-02-26;15:00:00;302;G;4.7;G
2021-02-26;16:00:00;300;G;4.3;G
2021-02-26;17:00:00;298;G;3.2;G
2021-02-26;18:00:00;314;G;3.5;G
2021-02-26;19:00:00;323;G;3.3;G
2021-02-26;20:00:00;315;G;2.8;G
2021-02-26;21:00:00;319;G;4.2;G
2021-02-26;22:00:00;320;G;3.8;G
2021-02-26;23:00:00;302;G;3.3;G
2021-02-27;00:00:00;305;G;3.7;G
2021-02-27;01:00:00;305;G;2.8;G
2021-02-27;02:00:00;301;G;3.9;G
2021-02-27;03:00:00;299;G;3.9;G
2021-02-27;04:00:00;301;G;3.8;G
2021-02-27;05:00:00;294;G;3.4;G
2021-02-27;06:00:00;293;G;3.0;G
2021-02-27;07:00:00;293;G;3.2;G
2021-02-27;08:00:00;305;G;4.2;G
2021-02-27;09:00:00;299;G;4.8;G
2021-02-27;10:00:00;302;G;4.3;G
2021-02-27;11:00:00;314;G;5.0;G
2021-02-27;12:00:00;297;G;5.9;G
2021-02-27;13:00:00;301;G;6.0;G
2021-02-27;14:00:00;300;G;4.2;G
2021-02-27;15:00:00;296;G;3.4;G
2021-02-27;16:00:00;274;G;2.7;G
2021-02-27;17:00:00;242;G;1.8;G
2021-02-27;18:00:00;241;G;2.7;G
2021-02-27;19:00:00;249;G;2.1;G
2021-02-27;20:00:00;255;G;2.9;G
2021-02-27;21:00:00;264;G;3.7;G
2021-02-27;22:00:00;274;G;3.3;G
2021-02-27;23:00:00;274;G;3.2;G
2021-02-28;00:00:00;274;G;2.4;G
2021-02-28;01:00:00;268;G;2.5;G
2021-02-28;02:00:00;268;G;2.8;G
2021-02-28;03:00:00;255;G;3.7;G
2021-02-28;04:00:00;262;G;3.1;G
2021-02-28;05:00:00;247;G;2.7;G
2021-02-28;06:00:00;260;G;3.1;G
2021-02-28;07:00:00;265;G;1.6;G
2021-02-28;08:00:00;282;G;3.3;G
2021-02-28;09:00:00;281;G;3.9;G
2021-02-28;10:00:00;301;G;5.9;G
2021-02-28;11:00:00;301;G;4.9;G
2021-02-28;12:00:00;309;G;4.2;G
2021-02-28;13:00:00;300;G;5.3;G
2021-02-28;14:00:00;301;G;5.5;G
2021-02-28;15:00:00;306;G;4.3;G
2021-02-28;16:00:00;266;G;1.1;G
2021-02-28;17:00:00;161;G;1.0;G
2021-02-28;18:00:00;0;G;0.0;G
2021-02-28;19:00:00;0;G;0.0;G
2021-02-28;20:00:00;0;G;0.0;G
2021-02-28;21:00:00;0;G;0.0;G
2021-02-28;22:00:00;0;G;0.0;G
2021-02-28;23:00:00;123;G;0.9;G
2021-03-01;00:00:00;0;G;0.0;G
2021-03-01;01:00:00;124;G;0.8;G
2021-03-01;02:00:00;240;G;0.7;G
2021-03-01;03:00:00;130;G;1.3;G
2021-03-01;04:00:00;221;G;2.2;G
2021-03-01;05:00:00;235;G;3.1;G
2021-03-01;06:00:00;246;G;2.8;G
2021-03-01;07:00:00;251;G;2.0;G
2021-03-01;08:00:00;262;G;3.8;G
2021-03-01;09:00:00;257;G;4.8;G
2021-03-01;10:00:00;283;G;4.2;G
2021-03-01;11:00:00;305;G;6.7;G
2021-03-01;12:00:00;311;G;5.9;G
2021-03-01;13:00:00;302;G;4.3;G
2021-03-01;14:00:00;270;G;3.9;G
2021-03-01;15:00:00;274;G;2.3;G
2021-03-01;16:00:00;278;G;2.5;G
2021-03-01;17:00:00;267;G;3.3;G
2021-03-01;18:00:00;251;G;2.9;G
2021-03-01;19:00:00;262;G;2.3;G
2021-03-01;20:00:00;263;G;1.9;G
2021-03-01;21:00:00;0;G;0.0;G
2021-03-01;22:00:00;229;G;1.4;G
2021-03-01;23:00:00;265;G;2.8;G
2021-03-02;00:00:00;284;G;2.8;G
2021-03-02;01:00:00;284;G;2.5;G
2021-03-02;02:00:00;281;G;2.9;G
2021-03-02;03:00:00;303;G;3.7;G
2021-03-02;04:00:00;287;G;4.3;G
2021-03-02;05:00:00;287;G;3.8;G
2021-03-02;06:00:00;290;G;2.8;G
2021-03-02;07:00:00;289;G;3.6;G
2021-03-02;08:00:00;296;G;4.9;G
2021-03-02;09:00:00;310;G;4.1;G
2021-03-02;10:00:00;318;G;5.7;G
2021-03-02;11:00:00;337;G;7.0;G
2021-03-02;12:00:00;342;G;4.9;G
2021-03-02;13:00:00;322;G;5.0;G
2021-03-02;14:00:00;316;G;4.1;G
2021-03-02;15:00:00;313;G;3.8;G
2021-03-02;16:00:00;292;G;2.2;G
2021-03-02;17:00:00;152;G;1.1;G
2021-03-02;18:00:00;0;G;0.0;G
2021-03-02;19:00:00;0;G;0.0;G
2021-03-02;20:00:00;0;G;0.0;G
2021-03-02;21:00:00;0;G;0.0;G
2021-03-02;22:00:00;0;G;0.0;G
2021-03-02;23:00:00;0;G;0.0;G
2021-03-03;00:00:00;120;G;0.8;G
2021-03-03;01:00:00;0;G;0.0;G
2021-03-03;02:00:00;0;G;0.0;G
2021-03-03;03:00:00;231;G;0.7;G
2021-03-03;04:00:00;214;G;0.9;G
2021-03-03;05:00:00;223;G;0.9;G
2021-03-03;06:00:00;252;G;0.5;G
2021-03-03;07:00:00;248;G;2.5;G
2021-03-03;08:00:00;263;G;2.8;G
2021-03-03;09:00:00;247;G;2.9;G
2021-03-03;10:00:00;258;G;3.5;G
2021-03-03;11:00:00;271;G;4.2;G
2021-03-03;12:00:00;300;G;3.3;G
2021-03-03;13:00:00;245;G;5.2;G
2021-03-03;14:00:00;253;G;4.4;G
2021-03-03;15:00:00;260;G;4.9;G
2021-03-03;16:00:00;267;G;4.3;G
2021-03-03;17:00:00;285;G;2.9;G
2021-03-03;18:00:00;280;G;3.4;G
2021-03-03;19:00:00;273;G;2.9;G
2021-03-03;20:00:00;310;G;3.6;G
2021-03-03;21:00:00;311;G;2.7;G
2021-03-03;22:00:00;321;G;1.9;G
2021-03-03;23:00:00;330;G;3.3;G
2021-03-04;00:00:00;310;G;2.9;G
2021-03-04;01:00:00;333;G;5.9;G
2021-03-04;02:00:00;337;G;5.0;G
2021-03-04;03:00:00;332;G;4.1;G
2021-03-04;04:00:00;305;G;2.7;G
2021-03-04;05:00:00;310;G;2.6;G
2021-03-04;06:00:00;316;G;2.8;G
2021-03-04;07:00:00;320;G;3.1;G
2021-03-04;08:00:00;329;G;4.0;G
2021-03-04;09:00:00;350;G;4.9;G
2021-03-04;10:00:00;311;G;3.8;G
2021-03-04;11:00:00;340;G;4.7;G
2021-03-04;12:00:00;310;G;4.7;G
2021-03-04;13:00:00;328;G;4.4;G
2021-03-04;14:00:00;319;G;5.3;G
2021-03-04;15:00:00;333;G;5.8;G
2021-03-04;16:00:00;336;G;7.1;G
2021-03-04;17:00:00;315;G;1.8;G
2021-03-04;18:00:00;242;G;1.3;G
2021-03-04;19:00:00;0;G;0.0;G
2021-03-04;20:00:00;155;G;0.6;G
2021-03-04;21:00:00;0;G;0.0;G
2021-03-04;22:00:00;0;G;0.0;G
2021-03-04;23:00:00;0;G;0.0;G
2021-03-05;00:00:00;245;G;1.0;G
2021-03-05;01:00:00;0;G;0.0;G
2021-03-05;02:00:00;254;G;0.8;G
2021-03-05;03:00:00;248;G;1.5;G
2021-03-05;04:00:00;280;G;0.8;G
2021-03-05;05:00:00;287;G;2.3;G
2021-03-05;06:00:00;297;G;2.5;G
2021-03-05;07:00:00;321;G;3.1;G
2021-03-05;08:00:00;325;G;4.4;G
2021-03-05;09:00:00;319;G;4.3;G
2021-03-05;10:00:00;338;G;5.1;G
2021-03-05;11:00:00;318;G;5.0;G
2021-03-05;12:00:00;318;G;5.6;G
2021-03-05;13:00:00;326;G;6.5;G
2021-03-05;14:00:00;347;G;5.3;G
2021-03-05;15:00:00;347;G;3.8;G
2021-03-05;16:00:00;354;G;2.4;G
2021-03-05;17:00:00;0;G;0.0;G
2021-03-05;18:00:00;0;G;0.0;G
2021-03-05;19:00:00;0;G;0.0;G
2021-03-05;20:00:00;0;G;0.0;G
2021-03-05;21:00:00;0;G;0.0;G
2021-03-05;22:00:00;221;G;1.0;G
2021-03-05;23:00:00;213;G;0.7;G
2021-03-06;00:00:00;231;G;1.5;G
2021-03-06;01:00:00;237;G;2.3;G
2021-03-06;02:00:00;245;G;2.5;G
2021-03-06;03:00:00;241;G;3.6;G
2021-03-06;04:00:00;240;G;4.4;G
2021-03-06;05:00:00;227;G;3.9;G
2021-03-06;06:00:00;236;G;4.4;G
2021-03-06;07:00:00;239;G;4.8;G
2021-03-06;08:00:00;247;G;5.0;G
2021-03-06;09:00:00;244;G;5.2;G
2021-03-06;10:00:00;241;G;6.0;G
2021-03-06;11:00:00;256;G;6.3;G
2021-03-06;12:00:00;248;G;6.4;G
2021-03-06;13:00:00;244;G;6.8;G
2021-03-06;14:00:00;245;G;6.7;G
2021-03-06;15:00:00;253;G;7.3;G
2021-03-06;16:00:00;254;G;6.8;G
2021-03-06;17:00:00;261;G;6.0;G
2021-03-06;18:00:00;268;G;6.3;G
2021-03-06;19:00:00;271;G;5.9;G
2021-03-06;20:00:00;289;G;6.7;G
2021-03-06;21:00:00;324;G;6.3;G
2021-03-06;22:00:00;300;G;3.1;G
2021-03-06;23:00:00;301;G;5.7;G
2021-03-07;00:00:00;295;G;7.5;G
2021-03-07;01:00:00;295;G;7.2;G
2021-03-07;02:00:00;320;G;7.3;G
2021-03-07;03:00:00;284;G;4.4;G
2021-03-07;04:00:00;271;G;4.6;G
2021-03-07;05:00:00;291;G;5.7;G
2021-03-07;06:00:00;298;G;5.5;G
2021-03-07;07:00:00;282;G;6.0;G
2021-03-07;08:00:00;319;G;8.2;G
2021-03-07;09:00:00;310;G;7.8;G
2021-03-07;10:00:00;317;G;8.9;G
2021-03-07;11:00:00;321;G;8.9;G
2021-03-07;12:00:00;330;G;7.8;G
2021-03-07;13:00:00;332;G;8.7;G
2021-03-07;14:00:00;329;G;7.2;G
2021-03-07;15:00:00;321;G;6.8;G
2021-03-07;16:00:00;332;G;6.9;G
2021-03-07;17:00:00;324;G;5.3;G
2021-03-07;18:00:00;326;G;6.3;G
2021-03-07;19:00:00;13;G;7.3;G
2021-03-07;20:00:00;338;G;7.3;G
2021-03-07;21:00:00;323;G;4.9;G
2021-03-07;22:00:00;317;G;4.2;G
2021-03-07;23:00:00;324;G;4.5;G
2021-03-08;00:00:00;319;G;4.4;G
2021-03-08;01:00:00;332;G;4.3;G
2021-03-08;02:00:00;332;G;4.9;G
2021-03-08;03:00:00;344;G;4.7;G
2021-03-08;04:00:00;359;G;3.2;G
2021-03-08;05:00:00;342;G;3.8;G
2021-03-08;06:00:00;323;G;3.2;G
2021-03-08;07:00:00;319;G;3.8;G
2021-03-08;08:00:00;330;G;4.4;G
2021-03-08;09:00:00;325;G;4.7;G
2021-03-08;10:00:00;336;G;5.3;G
2021-03-08;11:00:00;314;G;4.5;G
2021-03-08;12:00:00;309;G;3.2;G
2021-03-08;13:00:00;293;G;4.6;G
2021-03-08;14:00:00;318;G;4.5;G
2021-03-08;15:00:00;289;G;3.8;G
2021-03-08;16:00:00;292;G;2.1;G
2021-03-08;17:00:00;238;G;1.4;G
2021-03-08;18:00:00;0;G;0.0;G
2021-03-08;19:00:00;0;G;0.0;G
2021-03-08;20:00:00;239;G;1.0;G
2021-03-08;21:00:00;239;G;1.9;G
2021-03-08;22:00:00;233;G;1.4;G
2021-03-08;23:00:00;245;G;1.5;G
2021-03-09;00:00:00;233;G;1.9;G
2021-03-09;01:00:00;237;G;1.6;G
2021-03-09;02:00:00;222;G;2.3;G
2021-03-09;03:00:00;233;G;2.5;G
2021-03-09;04:00:00;226;G;3.3;G
2021-03-09;05:00:00;233;G;4.0;G
2021-03-09;06:00:00;233;G;3.8;G
2021-03-09;07:00:00;238;G;4.2;G
2021-03-09;08:00:00;239;G;3.5;G
2021-03-09;09:00:00;255;G;5.0;G
2021-03-09;10:00:00;256;G;4.2;G
2021-03-09;11:00:00;274;G;3.1;G
2021-03-09;12:00:00;295;G;2.8;G
2021-03-09;13:00:00;302;G;2.7;G
2021-03-09;14:00:00;311;G;3.4;G
2021-03-09;15:00:00;326;G;5.5;G
2021-03-09;16:00:00;334;G;5.1;G
2021-03-09;17:00:00;336;G;6.0;G
2021-03-09;18:00:00;329;G;4.7;G
2021-03-09;19:00:00;330;G;3.8;G
2021-03-09;20:00:00;340;G;4.5;G
2021-03-09;21:00:00;353;G;4.7;G
2021-03-09;22:00:00;341;G;4.5;G
2021-03-09;23:00:00;67;G;3.8;G
2021-03-10;00:00:00;54;G;4.2;G
2021-03-10;01:00:00;59;G;5.1;G
2021-03-10;02:00:00;45;G;3.9;G
2021-03-10;03:00:00;54;G;2.9;G
2021-03-10;04:00:00;39;G;3.7;G
2021-03-10;05:00:00;45;G;2.4;G
2021-03-10;06:00:00;18;G;2.3;G
2021-03-10;07:00:00;26;G;2.6;G
2021-03-10;08:00:00;23;G;2.6;G
2021-03-10;09:00:00;7;G;2.4;G
2021-03-10;10:00:00;22;G;3.1;G
2021-03-10;11:00:00;53;G;2.1;G
2021-03-10;12:00:00;49;G;1.9;G
2021-03-10;13:00:00;59;G;2.7;G
2021-03-10;14:00:00;68;G;2.9;G
2021-03-10;15:00:00;66;G;2.5;G
2021-03-10;16:00:00;65;G;2.0;G
2021-03-10;17:00:00;72;G;1.0;G
2021-03-10;18:00:00;77;G;1.6;G
2021-03-10;19:00:00;105;G;0.9;G
2021-03-10;20:00:00;105;G;0.6;G
2021-03-10;21:00:00;139;G;0.7;G
2021-03-10;22:00:00;134;G;1.0;G
2021-03-10;23:00:00;140;G;1.1;G
2021-03-11;00:00:00;149;G;1.9;G
2021-03-11;01:00:00;140;G;2.0;G
2021-03-11;02:00:00;140;G;2.0;G
2021-03-11;03:00:00;149;G;2.6;G
2021-03-11;04:00:00;155;G;3.4;G
2021-03-11;05:00:00;145;G;5.6;G
2021-03-11;06:00:00;147;G;6.8;G
2021-03-11;07:00:00;142;G;6.2;G
2021-03-11;08:00:00;149;G;5.8;G
2021-03-11;09:00:00;150;G;7.5;G
2021-03-11;10:00:00;148;G;7.5;G
2021-03-11;13:00:00;139;G;9.1;G
2021-03-11;14:00:00;143;G;9.7;G
2021-03-11;15:00:00;151;G;8.0;G
2021-03-11;16:00:00;149;G;9.8;G
2021-03-11;17:00:00;149;G;9.6;G
2021-03-11;18:00:00;150;G;8.4;G
2021-03-11;19:00:00;144;G;8.0;G
2021-03-11;20:00:00;152;G;6.8;G
2021-03-11;21:00:00;148;G;6.0;G
2021-03-11;22:00:00;148;G;5.1;G
2021-03-11;23:00:00;144;G;4.3;G
2021-03-12;00:00:00;149;G;3.6;G
2021-03-12;01:00:00;149;G;3.7;G
2021-03-12;02:00:00;147;G;3.4;G
2021-03-12;03:00:00;151;G;2.9;G
2021-03-12;04:00:00;157;G;1.5;G
2021-03-12;05:00:00;160;G;1.5;G
2021-03-12;06:00:00;178;G;0.7;G
2021-03-12;07:00:00;218;G;2.5;G
2021-03-12;08:00:00;249;G;3.1;G
2021-03-12;09:00:00;258;G;4.7;G
2021-03-12;10:00:00;261;G;4.0;G
2021-03-12;11:00:00;269;G;5.1;G
2021-03-12;12:00:00;255;G;6.2;G
2021-03-12;13:00:00;268;G;6.1;G
2021-03-12;14:00:00;261;G;3.9;G
2021-03-12;15:00:00;274;G;3.5;G
2021-03-12;16:00:00;266;G;4.4;G
2021-03-12;17:00:00;254;G;3.0;G
2021-03-12;18:00:00;252;G;4.2;G
2021-03-12;19:00:00;240;G;3.0;G
2021-03-12;20:00:00;234;G;3.2;G
2021-03-12;21:00:00;234;G;3.7;G
2021-03-12;22:00:00;226;G;3.5;G
2021-03-12;23:00:00;220;G;3.9;G
2021-03-13;00:00:00;214;G;4.0;G
2021-03-13;01:00:00;215;G;3.4;G
2021-03-13;02:00:00;214;G;3.2;G
2021-03-13;03:00:00;213;G;3.3;G
2021-03-13;04:00:00;210;G;2.2;G
2021-03-13;05:00:00;196;G;2.2;G
2021-03-13;06:00:00;164;G;0.8;G
2021-03-13;07:00:00;221;G;2.0;G
2021-03-13;08:00:00;211;G;2.2;G
2021-03-13;09:00:00;228;G;1.0;G
2021-03-13;10:00:00;213;G;0.8;G
2021-03-13;11:00:00;232;G;1.7;G
2021-03-13;12:00:00;221;G;1.7;G
2021-03-13;13:00:00;213;G;2.1;G
2021-03-13;14:00:00;222;G;2.4;G
2021-03-13;15:00:00;195;G;2.0;G
2021-03-13;16:00:00;181;G;1.4;G
2021-03-13;17:00:00;190;G;2.8;G
2021-03-13;18:00:00;156;G;1.4;G
2021-03-13;19:00:00;0;G;0.0;G
2021-03-13;20:00:00;111;G;0.7;G
2021-03-13;21:00:00;0;G;0.0;G
2021-03-13;22:00:00;0;G;0.0;G
2021-03-13;23:00:00;0;G;0.0;G
2021-03-14;00:00:00;83;G;1.2;G
2021-03-14;01:00:00;47;G;1.0;G
2021-03-14;02:00:00;60;G;0.9;G
2021-03-14;03:00:00;48;G;1.3;G
2021-03-14;04:00:00;8;G;1.3;G
2021-03-14;05:00:00;0;G;0.0;G
2021-03-14;06:00:00;296;G;0.8;G
2021-03-14;07:00:00;332;G;2.1;G
2021-03-14;08:00:00;326;G;2.2;G
2021-03-14;09:00:00;323;G;2.5;G
2021-03-14;10:00:00;314;G;2.6;G
2021-03-14;11:00:00;308;G;3.0;G
2021-03-14;12:00:00;302;G;3.5;G
2021-03-14;13:00:00;320;G;3.1;G
2021-03-14;14:00:00;310;G;3.7;G
2021-03-14;15:00:00;297;G;3.9;G
2021-03-14;16:00:00;285;G;2.4;G
2021-03-14;17:00:00;279;G;2.1;G
2021-03-14;18:00:00;0;G;0.0;G
2021-03-14;19:00:00;149;G;0.5;G
2021-03-14;20:00:00;0;G;0.0;G
2021-03-14;21:00:00;0;G;0.0;G
2021-03-14;22:00:00;0;G;0.0;G
2021-03-14;23:00:00;143;G;0.6;G
2021-03-15;00:00:00;0;G;0.0;G
2021-03-15;01:00:00;147;G;0.5;G
2021-03-15;02:00:00;0;G;0.0;G
2021-03-15;03:00:00;0;G;0.0;G
2021-03-15;04:00:00;0;G;0.0;G
2021-03-15;05:00:00;0;G;0.0;G
2021-03-15;06:00:00;0;G;0.0;G
2021-03-15;07:00:00;0;G;0.0;G
2021-03-15;08:00:00;261;G;0.9;G
2021-03-15;09:00:00;360;G;1.0;G
2021-03-15;10:00:00;330;G;0.5;G
2021-03-15;11:00:00;134;G;1.5;G
2021-03-15;12:00:00;136;G;3.4;G
2021-03-15;13:00:00;97;G;1.8;G
2021-03-15;14:00:00;142;G;1.7;G
2021-03-15;15:00:00;159;G;0.8;G
2021-03-15;16:00:00;150;G;0.6;G
2021-03-15;17:00:00;154;G;0.6;G
2021-03-15;18:00:00;0;G;0.0;G
2021-03-15;19:00:00;0;G;0.0;G
2021-03-15;20:00:00;0;G;0.0;G
2021-03-15;21:00:00;0;G;0.0;G
2021-03-15;22:00:00;0;G;0.0;G
2021-03-15;23:00:00;119;G;0.8;G
2021-03-16;00:00:00;14;G;0.8;G
2021-03-16;01:00:00;0;G;0.0;G
2021-03-16;02:00:00;0;G;0.0;G
2021-03-16;03:00:00;0;G;0.0;G
2021-03-16;04:00:00;266;G;0.8;G
2021-03-16;05:00:00;0;G;0.0;G
2021-03-16;06:00:00;220;G;0.6;G
2021-03-16;07:00:00;245;G;0.7;G
2021-03-16;08:00:00;343;G;0.9;G
2021-03-16;09:00:00;331;G;2.2;G
2021-03-16;10:00:00;314;G;2.5;G
2021-03-16;11:00:00;318;G;2.7;G
2021-03-16;12:00:00;352;G;3.6;G
2021-03-16;13:00:00;327;G;4.4;G
2021-03-16;14:00:00;323;G;2.2;G
2021-03-16;15:00:00;345;G;2.9;G
2021-03-16;16:00:00;324;G;1.8;G
2021-03-16;17:00:00;347;G;1.2;G
2021-03-16;18:00:00;327;G;0.5;G
2021-03-16;19:00:00;240;G;0.7;G
2021-03-16;20:00:00;236;G;0.7;G
2021-03-16;21:00:00;0;G;0.0;G
2021-03-16;22:00:00;0;G;0.0;G
2021-03-16;23:00:00;0;G;0.0;G
2021-03-17;00:00:00;231;G;0.7;G
2021-03-17;01:00:00;241;G;0.7;G
2021-03-17;02:00:00;237;G;0.6;G
2021-03-17;03:00:00;253;G;0.8;G
2021-03-17;04:00:00;245;G;0.7;G
2021-03-17;05:00:00;323;G;2.0;G
2021-03-17;06:00:00;329;G;2.4;G
2021-03-17;07:00:00;323;G;2.4;G
2021-03-17;08:00:00;321;G;3.5;G
2021-03-17;09:00:00;341;G;3.5;G
2021-03-17;10:00:00;2;G;6.1;G
2021-03-17;11:00:00;349;G;5.1;G
2021-03-17;12:00:00;336;G;4.7;G
2021-03-17;13:00:00;343;G;4.3;G
2021-03-17;14:00:00;356;G;4.7;G
2021-03-17;15:00:00;317;G;3.9;G
2021-03-17;16:00:00;340;G;4.3;G
2021-03-17;17:00:00;326;G;1.4;G
2021-03-17;18:00:00;255;G;0.8;G
2021-03-17;19:00:00;232;G;1.1;G
2021-03-17;20:00:00;232;G;0.7;G
2021-03-17;21:00:00;244;G;0.6;G
2021-03-17;22:00:00;253;G;0.6;G
2021-03-17;23:00:00;252;G;0.6;G
2021-03-18;00:00:00;0;G;0.0;G
2021-03-18;01:00:00;255;G;0.6;G
2021-03-18;02:00:00;0;G;0.0;G
2021-03-18;03:00:00;0;G;0.0;G
2021-03-18;04:00:00;0;G;0.0;G
2021-03-18;05:00:00;248;G;0.8;G
2021-03-18;06:00:00;300;G;1.5;G
2021-03-18;07:00:00;322;G;2.8;G
2021-03-18;08:00:00;319;G;3.9;G
2021-03-18;09:00:00;307;G;3.5;G
2021-03-18;10:00:00;330;G;4.3;G
2021-03-18;11:00:00;320;G;5.1;G
2021-03-18;12:00:00;334;G;4.3;G
2021-03-18;13:00:00;325;G;4.4;G
2021-03-18;14:00:00;342;G;4.1;G
2021-03-18;15:00:00;22;G;6.3;G
2021-03-18;16:00:00;358;G;4.9;G
2021-03-18;17:00:00;3;G;5.8;G
2021-03-18;18:00:00;22;G;5.8;G
2021-03-18;19:00:00;20;G;4.9;G
2021-03-18;20:00:00;5;G;5.5;G
2021-03-18;21:00:00;357;G;4.5;G
2021-03-18;22:00:00;351;G;3.1;G
2021-03-18;23:00:00;356;G;3.0;G
2021-03-19;00:00:00;349;G;2.4;G
2021-03-19;01:00:00;353;G;2.9;G
2021-03-19;02:00:00;337;G;3.0;G
2021-03-19;03:00:00;333;G;3.2;G
2021-03-19;04:00:00;335;G;3.8;G
2021-03-19;05:00:00;330;G;3.9;G
2021-03-19;06:00:00;337;G;4.6;G
2021-03-19;07:00:00;333;G;3.8;G
2021-03-19;08:00:00;359;G;5.1;G
2021-03-19;09:00:00;3;G;6.4;G
2021-03-19;10:00:00;355;G;6.3;G
2021-03-19;11:00:00;351;G;5.3;G
2021-03-19;12:00:00;358;G;5.1;G
2021-03-19;13:00:00;355;G;4.6;G
2021-03-19;14:00:00;1;G;4.4;G
2021-03-19;15:00:00;359;G;3.6;G
2021-03-19;16:00:00;14;G;3.1;G
2021-03-19;17:00:00;24;G;1.7;G
2021-03-19;18:00:00;207;G;0.5;G
2021-03-19;19:00:00;0;G;0.0;G
2021-03-19;20:00:00;143;G;0.8;G
2021-03-19;21:00:00;176;G;1.8;G
2021-03-19;22:00:00;188;G;2.4;G
2021-03-19;23:00:00;202;G;2.4;G
2021-03-20;00:00:00;206;G;2.9;G
2021-03-20;01:00:00;214;G;3.4;G
2021-03-20;02:00:00;218;G;3.8;G
2021-03-20;03:00:00;221;G;4.1;G
2021-03-20;04:00:00;230;G;4.1;G
2021-03-20;05:00:00;242;G;4.3;G
2021-03-20;06:00:00;230;G;3.6;G
2021-03-20;07:00:00;242;G;4.7;G
2021-03-20;08:00:00;245;G;5.2;G
2021-03-20;09:00:00;247;G;6.3;G
2021-03-20;10:00:00;252;G;5.4;G
2021-03-20;11:00:00;249;G;5.7;G
2021-03-20;12:00:00;254;G;5.7;G
2021-03-20;13:00:00;242;G;5.7;G
2021-03-20;14:00:00;238;G;3.9;G
2021-03-20;15:00:00;248;G;4.3;G
2021-03-20;16:00:00;236;G;3.9;G
2021-03-20;17:00:00;236;G;4.1;G
2021-03-20;18:00:00;247;G;4.0;G
2021-03-20;19:00:00;253;G;4.8;G
2021-03-20;20:00:00;251;G;4.8;G
2021-03-20;21:00:00;253;G;4.4;G
2021-03-20;22:00:00;271;G;4.0;G
2021-03-20;23:00:00;298;G;2.9;G
2021-03-21;00:00:00;268;G;2.4;G
2021-03-21;01:00:00;300;G;1.9;G
2021-03-21;02:00:00;298;G;4.7;G
2021-03-21;03:00:00;302;G;4.2;G
2021-03-21;04:00:00;302;G;6.2;G
2021-03-21;05:00:00;310;G;5.4;G
2021-03-21;06:00:00;312;G;6.2;G
2021-03-21;07:00:00;314;G;8.7;G
2021-03-21;08:00:00;310;G;7.9;G
2021-03-21;09:00:00;330;G;8.4;G
2021-03-21;10:00:00;340;G;9.4;G
2021-03-21;11:00:00;318;G;7.4;G
2021-03-21;12:00:00;328;G;8.7;G
2021-03-21;13:00:00;318;G;7.0;G
2021-03-21;14:00:00;325;G;8.0;G
2021-03-21;15:00:00;319;G;8.1;G
2021-03-21;16:00:00;322;G;3.5;G
2021-03-21;17:00:00;330;G;4.9;G
2021-03-21;18:00:00;314;G;5.0;G
2021-03-21;19:00:00;315;G;3.1;G
2021-03-21;20:00:00;289;G;1.9;G
2021-03-21;21:00:00;319;G;4.2;G
2021-03-21;22:00:00;307;G;3.3;G
2021-03-21;23:00:00;318;G;3.1;G
2021-03-22;00:00:00;316;G;2.3;G
2021-03-22;01:00:00;296;G;3.4;G
2021-03-22;02:00:00;290;G;3.2;G
2021-03-22;03:00:00;267;G;3.0;G
2021-03-22;04:00:00;262;G;3.5;G
2021-03-22;05:00:00;263;G;3.8;G
2021-03-22;06:00:00;263;G;3.2;G
2021-03-22;07:00:00;283;G;3.1;G
2021-03-22;08:00:00;278;G;3.8;G
2021-03-22;09:00:00;270;G;5.0;G
2021-03-22;10:00:00;284;G;4.6;G
2021-03-22;11:00:00;295;G;5.2;G
2021-03-22;12:00:00;302;G;5.6;G
2021-03-22;13:00:00;296;G;5.7;G
2021-03-22;14:00:00;292;G;4.6;G
2021-03-22;15:00:00;299;G;6.0;G
2021-03-22;16:00:00;300;G;3.8;G
2021-03-22;17:00:00;286;G;3.1;G
2021-03-22;18:00:00;296;G;1.5;G
2021-03-22;19:00:00;278;G;1.2;G
2021-03-22;20:00:00;263;G;2.1;G
2021-03-22;21:00:00;286;G;0.9;G
2021-03-22;22:00:00;283;G;2.3;G
2021-03-22;23:00:00;265;G;2.3;G
2021-03-23;00:00:00;242;G;1.7;G
2021-03-23;01:00:00;234;G;0.7;G
2021-03-23;02:00:00;0;G;0.0;G
2021-03-23;03:00:00;0;G;0.0;G
2021-03-23;04:00:00;237;G;0.9;G
2021-03-23;05:00:00;134;G;0.7;G
2021-03-23;06:00:00;120;G;0.5;G
2021-03-23;07:00:00;139;G;0.6;G
2021-03-23;08:00:00;232;G;1.3;G
2021-03-23;09:00:00;234;G;3.2;G
2021-03-23;10:00:00;248;G;4.3;G
2021-03-23;11:00:00;245;G;6.0;G
2021-03-23;12:00:00;253;G;4.8;G
2021-03-23;13:00:00;253;G;5.5;G
2021-03-23;14:00:00;233;G;4.4;G
2021-03-23;15:00:00;195;G;3.6;G
2021-03-23;16:00:00;185;G;3.1;G
2021-03-23;17:00:00;185;G;2.4;G
2021-03-23;18:00:00;184;G;2.0;G
2021-03-23;19:00:00;254;G;0.5;G
2021-03-23;20:00:00;211;G;1.3;G
2021-03-23;21:00:00;221;G;1.6;G
2021-03-23;22:00:00;212;G;1.2;G
2021-03-23;23:00:00;234;G;2.3;G
2021-03-24;00:00:00;232;G;3.0;G
2021-03-24;01:00:00;238;G;3.5;G
2021-03-24;02:00:00;235;G;3.1;G
2021-03-24;03:00:00;242;G;3.3;G
2021-03-24;04:00:00;231;G;4.2;G
2021-03-24;05:00:00;233;G;4.8;G
2021-03-24;06:00:00;233;G;5.3;G
2021-03-24;07:00:00;243;G;6.0;G
2021-03-24;08:00:00;244;G;7.3;G
2021-03-24;09:00:00;259;G;6.9;G
2021-03-24;10:00:00;249;G;7.7;G
2021-03-24;11:00:00;250;G;7.3;G
2021-03-24;12:00:00;262;G;7.0;G
2021-03-24;13:00:00;259;G;5.8;G
2021-03-24;14:00:00;261;G;6.5;G
2021-03-24;15:00:00;281;G;6.1;G
2021-03-24;16:00:00;269;G;3.4;G
2021-03-24;17:00:00;247;G;2.3;G
2021-03-24;18:00:00;234;G;3.3;G
2021-03-24;19:00:00;242;G;3.9;G
2021-03-24;20:00:00;233;G;3.2;G
2021-03-24;21:00:00;240;G;4.3;G
2021-03-24;22:00:00;238;G;3.3;G
2021-03-24;23:00:00;221;G;3.0;G
2021-03-25;00:00:00;229;G;3.0;G
2021-03-25;01:00:00;228;G;2.2;G
2021-03-25;02:00:00;215;G;2.7;G
2021-03-25;03:00:00;250;G;3.8;G
2021-03-25;04:00:00;249;G;3.2;G
2021-03-25;05:00:00;233;G;3.7;G
2021-03-25;06:00:00;256;G;3.9;G
2021-03-25;07:00:00;245;G;5.6;G
2021-03-25;08:00:00;250;G;6.0;G
2021-03-25;09:00:00;239;G;5.5;G
2021-03-25;10:00:00;244;G;5.1;G
2021-03-25;11:00:00;257;G;5.5;G
2021-03-25;12:00:00;250;G;5.4;G
2021-03-25;13:00:00;244;G;5.8;G
2021-03-25;14:00:00;240;G;5.6;G
2021-03-25;15:00:00;242;G;5.2;G
2021-03-25;16:00:00;244;G;4.7;G
2021-03-25;17:00:00;238;G;4.9;G
2021-03-25;18:00:00;225;G;2.5;G
2021-03-25;19:00:00;227;G;1.8;G
2021-03-25;20:00:00;228;G;0.7;G
2021-03-25;21:00:00;223;G;2.7;G
2021-03-25;22:00:00;253;G;1.8;G
2021-03-25;23:00:00;251;G;1.7;G
2021-03-26;00:00:00;0;G;0.0;G
2021-03-26;01:00:00;0;G;0.0;G
2021-03-26;02:00:00;226;G;1.2;G
2021-03-26;03:00:00;232;G;1.9;G
2021-03-26;04:00:00;243;G;3.1;G
2021-03-26;05:00:00;252;G;3.6;G
2021-03-26;06:00:00;237;G;2.8;G
2021-03-26;07:00:00;239;G;3.0;G
2021-03-26;08:00:00;213;G;2.5;G
2021-03-26;09:00:00;209;G;3.4;G
2021-03-26;10:00:00;226;G;4.4;G
2021-03-26;11:00:00;220;G;3.8;G
2021-03-26;12:00:00;203;G;3.2;G
2021-03-26;13:00:00;189;G;4.8;G
2021-03-26;14:00:00;206;G;5.0;G
2021-03-26;15:00:00;193;G;4.4;G
2021-03-26;16:00:00;178;G;4.2;G
2021-03-26;17:00:00;186;G;3.7;G
2021-03-26;18:00:00;184;G;2.9;G
2021-03-26;19:00:00;163;G;2.9;G
2021-03-26;20:00:00;159;G;3.4;G
2021-03-26;21:00:00;154;G;3.0;G
2021-03-26;22:00:00;164;G;1.3;G
2021-03-26;23:00:00;133;G;0.8;G
2021-03-27;00:00:00;121;G;1.9;G
2021-03-27;01:00:00;131;G;1.1;G
2021-03-27;02:00:00;151;G;1.9;G
2021-03-27;03:00:00;144;G;2.3;G
2021-03-27;04:00:00;143;G;2.4;G
2021-03-27;05:00:00;163;G;2.2;G
2021-03-27;06:00:00;150;G;2.0;G
2021-03-27;07:00:00;163;G;3.0;G
2021-03-27;08:00:00;135;G;4.7;G
2021-03-27;09:00:00;142;G;5.8;G
2021-03-27;10:00:00;140;G;6.2;G
2021-03-27;11:00:00;141;G;5.1;G
2021-03-27;12:00:00;145;G;5.6;G
2021-03-27;13:00:00;141;G;6.2;G
2021-03-27;14:00:00;143;G;5.4;G
2021-03-27;15:00:00;138;G;6.2;G
2021-03-27;16:00:00;160;G;3.6;G
2021-03-27;17:00:00;134;G;3.9;G
2021-03-27;18:00:00;129;G;2.4;G
2021-03-27;19:00:00;148;G;3.1;G
2021-03-27;20:00:00;141;G;2.9;G
2021-03-27;21:00:00;131;G;4.0;G
2021-03-27;22:00:00;137;G;3.2;G
2021-03-27;23:00:00;127;G;4.7;G
2021-03-28;00:00:00;138;G;3.5;G
2021-03-28;01:00:00;123;G;5.0;G
2021-03-28;02:00:00;120;G;4.1;G
2021-03-28;03:00:00;114;G;3.9;G
2021-03-28;04:00:00;126;G;5.2;G
2021-03-28;05:00:00;125;G;4.6;G
2021-03-28;06:00:00;123;G;4.4;G
2021-03-28;07:00:00;120;G;2.4;G
2021-03-28;08:00:00;138;G;1.1;G
2021-03-28;09:00:00;203;G;1.6;G
2021-03-28;10:00:00;232;G;2.9;G
2021-03-28;11:00:00;223;G;5.7;G
2021-03-28;12:00:00;235;G;6.7;G
2021-03-28;13:00:00;234;G;6.2;G
2021-03-28;14:00:00;225;G;4.6;G
2021-03-28;15:00:00;181;G;2.1;G
2021-03-28;16:00:00;210;G;3.1;G
2021-03-28;17:00:00;222;G;4.8;G
2021-03-28;18:00:00;198;G;3.4;G
2021-03-28;19:00:00;196;G;4.6;G
2021-03-28;20:00:00;191;G;3.6;G
2021-03-28;21:00:00;199;G;4.6;G
2021-03-28;22:00:00;188;G;3.6;G
2021-03-28;23:00:00;195;G;4.3;G
2021-03-29;00:00:00;192;G;3.8;G
2021-03-29;01:00:00;195;G;3.5;G
2021-03-29;02:00:00;203;G;3.5;G
2021-03-29;03:00:00;183;G;3.2;G
2021-03-29;04:00:00;194;G;2.7;G
2021-03-29;05:00:00;198;G;3.5;G
2021-03-29;06:00:00;200;G;3.2;G
2021-03-29;07:00:00;211;G;3.9;G
2021-03-29;08:00:00;199;G;5.0;G
2021-03-29;09:00:00;184;G;5.2;G
2021-03-29;10:00:00;186;G;4.1;G
2021-03-29;11:00:00;197;G;4.4;G
2021-03-29;12:00:00;190;G;5.2;G
2021-03-29;13:00:00;204;G;5.8;G
2021-03-29;14:00:00;197;G;4.6;G
2021-03-29;15:00:00;206;G;4.0;G
2021-03-29;16:00:00;220;G;6.0;G
2021-03-29;17:00:00;216;G;3.9;G
2021-03-29;18:00:00;224;G;5.7;G
2021-03-29;19:00:00;254;G;6.9;G
2021-03-29;20:00:00;241;G;6.7;G
2021-03-29;21:00:00;245;G;5.8;G
2021-03-29;22:00:00;253;G;5.9;G
2021-03-29;23:00:00;254;G;4.5;G
2021-03-30;00:00:00;250;G;2.9;G
2021-03-30;01:00:00;245;G;4.5;G
2021-03-30;02:00:00;239;G;6.3;G
2021-03-30;03:00:00;243;G;4.5;G
2021-03-30;04:00:00;235;G;4.7;G
2021-03-30;05:00:00;227;G;5.2;G
2021-03-30;06:00:00;233;G;5.0;G
2021-03-30;07:00:00;245;G;5.1;G
2021-03-30;08:00:00;248;G;7.4;G
2021-03-30;09:00:00;246;G;8.4;G
2021-03-30;10:00:00;248;G;8.1;G
2021-03-30;11:00:00;266;G;7.5;G
2021-03-30;12:00:00;296;G;6.1;G
2021-03-30;13:00:00;288;G;6.2;G
2021-03-30;14:00:00;273;G;6.6;G
2021-03-30;15:00:00;276;G;5.0;G
2021-03-30;16:00:00;270;G;3.8;G
2021-03-30;17:00:00;277;G;2.7;G
2021-03-30;18:00:00;255;G;3.2;G
2021-03-30;19:00:00;247;G;2.0;G
2021-03-30;20:00:00;241;G;2.0;G
2021-03-30;21:00:00;236;G;2.9;G
2021-03-30;22:00:00;244;G;4.2;G
2021-03-30;23:00:00;254;G;3.6;G
2021-03-31;00:00:00;244;G;3.7;G
2021-03-31;01:00:00;257;G;5.1;G
2021-03-31;02:00:00;276;G;5.6;G
2021-03-31;03:00:00;284;G;5.2;G
2021-03-31;04:00:00;273;G;5.3;G
2021-03-31;05:00:00;270;G;4.3;G
2021-03-31;06:00:00;271;G;3.4;G
2021-03-31;07:00:00;266;G;3.1;G
2021-03-31;08:00:00;272;G;1.9;G
2021-03-31;09:00:00;340;G;3.1;G
2021-03-31;10:00:00;15;G;2.6;G
2021-03-31;11:00:00;28;G;2.1;G
2021-03-31;12:00:00;19;G;2.2;G
2021-03-31;13:00:00;324;G;2.2;G
2021-03-31;14:00:00;316;G;2.0;G
2021-03-31;15:00:00;327;G;1.5;G
2021-03-31;16:00:00;312;G;1.7;G
2021-03-31;17:00:00;311;G;1.7;G
2021-03-31;18:00:00;304;G;1.8;G
2021-03-31;19:00:00;294;G;1.2;G
2021-03-31;20:00:00;285;G;1.5;G
2021-03-31;21:00:00;295;G;1.2;G
2021-03-31;22:00:00;294;G;1.0;G
2021-03-31;23:00:00;292;G;1.1;G
2021-04-01;00:00:00;308;G;1.6;G
2021-04-01;01:00:00;317;G;1.1;G
2021-04-01;02:00:00;0;G;0.0;G
2021-04-01;03:00:00;0;G;0.0;G
2021-04-01;04:00:00;0;G;0.0;G
2021-04-01;05:00:00;254;G;0.6;G
2021-04-01;06:00:00;323;G;1.9;G
2021-04-01;07:00:00;330;G;2.8;G
2021-04-01;08:00:00;321;G;3.8;G
2021-04-01;09:00:00;324;G;4.6;G
2021-04-01;10:00:00;310;G;4.1;G
2021-04-01;11:00:00;326;G;4.3;G
2021-04-01;12:00:00;319;G;5.5;G
2021-04-01;13:00:00;306;G;3.9;G
2021-04-01;14:00:00;322;G;5.7;G
2021-04-01;15:00:00;313;G;5.6;G
2021-04-01;16:00:00;299;G;4.2;G
2021-04-01;17:00:00;291;G;2.1;G
2021-04-01;18:00:00;236;G;1.4;G
2021-04-01;19:00:00;240;G;0.9;G
2021-04-01;20:00:00;139;G;0.7;G
2021-04-01;21:00:00;272;G;1.6;G
2021-04-01;22:00:00;284;G;2.1;G
2021-04-01;23:00:00;259;G;2.0;G
2021-04-02;00:00:00;267;G;1.8;G
2021-04-02;01:00:00;257;G;1.4;G
2021-04-02;02:00:00;244;G;0.9;G
2021-04-02;03:00:00;235;G;0.7;G
2021-04-02;04:00:00;260;G;1.4;G
2021-04-02;05:00:00;267;G;2.2;G
2021-04-02;06:00:00;280;G;2.8;G
2021-04-02;07:00:00;297;G;3.8;G
2021-04-02;08:00:00;300;G;4.0;G
2021-04-02;09:00:00;321;G;5.2;G
2021-04-02;10:00:00;300;G;6.7;G
2021-04-02;11:00:00;311;G;5.3;G
2021-04-02;12:00:00;318;G;4.8;G
2021-04-02;13:00:00;307;G;3.5;G
2021-04-02;14:00:00;301;G;6.0;G
2021-04-02;15:00:00;309;G;3.6;G
2021-04-02;16:00:00;313;G;2.9;G
2021-04-02;17:00:00;318;G;4.5;G
2021-04-02;18:00:00;357;G;3.4;G
2021-04-02;19:00:00;291;G;0.8;G
2021-04-02;20:00:00;289;G;2.4;G
2021-04-02;21:00:00;318;G;2.2;G
2021-04-02;22:00:00;301;G;2.9;G
2021-04-02;23:00:00;326;G;3.5;G
2021-04-03;00:00:00;316;G;2.4;G
2021-04-03;01:00:00;327;G;3.0;G
2021-04-03;02:00:00;330;G;3.9;G
2021-04-03;03:00:00;344;G;4.5;G
2021-04-03;04:00:00;342;G;4.4;G
2021-04-03;05:00:00;340;G;4.5;G
2021-04-03;06:00:00;342;G;4.4;G
2021-04-03;07:00:00;329;G;4.1;G
2021-04-03;08:00:00;307;G;5.6;G
2021-04-03;09:00:00;316;G;5.7;G
2021-04-03;10:00:00;320;G;4.8;G
2021-04-03;11:00:00;299;G;5.0;G
2021-04-03;12:00:00;308;G;4.6;G
2021-04-03;13:00:00;312;G;5.7;G
2021-04-03;14:00:00;320;G;6.3;G
2021-04-03;15:00:00;313;G;4.9;G
2021-04-03;16:00:00;306;G;3.5;G
2021-04-03;17:00:00;273;G;2.5;G
2021-04-03;18:00:00;230;G;1.5;G
2021-04-03;19:00:00;249;G;2.5;G
2021-04-03;20:00:00;250;G;2.2;G
2021-04-03;21:00:00;270;G;2.5;G
2021-04-03;22:00:00;219;G;0.9;G
2021-04-03;23:00:00;251;G;1.6;G
2021-04-04;00:00:00;248;G;1.9;G
2021-04-04;01:00:00;251;G;1.3;G
2021-04-04;02:00:00;0;G;0.0;G
2021-04-04;03:00:00;220;G;0.5;G
2021-04-04;04:00:00;211;G;1.1;G
2021-04-04;05:00:00;220;G;2.4;G
2021-04-04;06:00:00;227;G;3.5;G
2021-04-04;07:00:00;231;G;5.3;G
2021-04-04;08:00:00;221;G;5.7;G
2021-04-04;09:00:00;220;G;7.2;G
2021-04-04;10:00:00;219;G;5.9;G
2021-04-04;11:00:00;223;G;7.4;G
2021-04-04;12:00:00;210;G;5.2;G
2021-04-04;13:00:00;192;G;5.3;G
2021-04-04;14:00:00;191;G;5.6;G
2021-04-04;15:00:00;208;G;3.9;G
2021-04-04;16:00:00;218;G;4.7;G
2021-04-04;17:00:00;221;G;5.7;G
2021-04-04;18:00:00;230;G;8.3;G
2021-04-04;19:00:00;234;G;9.6;G
2021-04-04;20:00:00;231;G;8.8;G
2021-04-04;21:00:00;238;G;10.2;G
2021-04-04;22:00:00;237;G;9.2;G
2021-04-04;23:00:00;228;G;8.7;G
2021-04-05;00:00:00;226;G;9.2;G
2021-04-05;01:00:00;221;G;7.3;G
2021-04-05;02:00:00;205;G;5.4;G
2021-04-05;03:00:00;219;G;5.6;G
2021-04-05;04:00:00;214;G;6.6;G
2021-04-05;05:00:00;239;G;7.5;G
2021-04-05;06:00:00;226;G;7.9;G
2021-04-05;07:00:00;278;G;4.8;G
2021-04-05;08:00:00;287;G;5.4;G
2021-04-05;09:00:00;272;G;5.2;G
2021-04-05;10:00:00;282;G;5.2;G
2021-04-05;11:00:00;268;G;5.2;G
2021-04-05;12:00:00;254;G;6.0;G
2021-04-05;13:00:00;265;G;6.7;G
2021-04-05;14:00:00;255;G;6.4;G
2021-04-05;15:00:00;257;G;5.6;G
2021-04-05;16:00:00;244;G;5.8;G
2021-04-05;17:00:00;243;G;5.2;G
2021-04-05;18:00:00;232;G;4.4;G
2021-04-05;19:00:00;232;G;4.0;G
2021-04-05;20:00:00;240;G;3.9;G
2021-04-05;21:00:00;251;G;3.8;G
2021-04-05;22:00:00;251;G;3.5;G
2021-04-05;23:00:00;259;G;4.1;G
2021-04-06;00:00:00;264;G;3.9;G
2021-04-06;01:00:00;254;G;4.3;G
2021-04-06;02:00:00;253;G;3.8;G
2021-04-06;03:00:00;253;G;4.5;G
2021-04-06;04:00:00;255;G;4.4;G
2021-04-06;05:00:00;253;G;6.3;G
2021-04-06;06:00:00;271;G;7.0;G
2021-04-06;07:00:00;263;G;6.5;G
2021-04-06;08:00:00;276;G;8.4;G
2021-04-06;09:00:00;271;G;7.8;G
2021-04-06;10:00:00;264;G;8.0;G
2021-04-06;11:00:00;256;G;7.2;G
2021-04-06;12:00:00;282;G;7.4;G
2021-04-06;13:00:00;255;G;9.8;G
2021-04-06;14:00:00;253;G;8.2;G
2021-04-06;15:00:00;259;G;7.2;G
2021-04-06;16:00:00;248;G;7.5;G
2021-04-06;17:00:00;237;G;4.1;G
2021-04-06;18:00:00;230;G;4.2;G
2021-04-06;19:00:00;212;G;3.2;G
2021-04-06;20:00:00;211;G;3.8;G
2021-04-06;21:00:00;214;G;3.5;G
2021-04-06;22:00:00;226;G;2.6;G
2021-04-06;23:00:00;234;G;2.5;G
2021-04-07;00:00:00;244;G;3.0;G
2021-04-07;01:00:00;256;G;2.9;G
2021-04-07;02:00:00;251;G;2.5;G
2021-04-07;03:00:00;256;G;1.6;G
2021-04-07;04:00:00;296;G;1.4;G
2021-04-07;05:00:00;328;G;2.8;G
2021-04-07;06:00:00;309;G;2.4;G
2021-04-07;07:00:00;335;G;4.1;G
2021-04-07;08:00:00;10;G;4.6;G
2021-04-07;09:00:00;340;G;5.9;G
2021-04-07;10:00:00;345;G;3.9;G
2021-04-07;11:00:00;340;G;4.4;G
2021-04-07;12:00:00;335;G;3.5;G
2021-04-07;13:00:00;344;G;4.4;G
2021-04-07;14:00:00;332;G;4.3;G
2021-04-07;15:00:00;338;G;4.0;G
2021-04-07;16:00:00;64;G;2.2;G
2021-04-07;17:00:00;0;G;0.0;G
2021-04-07;18:00:00;0;G;0.0;G
2021-04-07;19:00:00;139;G;0.9;G
2021-04-07;20:00:00;0;G;0.0;G
2021-04-07;21:00:00;0;G;0.0;G
2021-04-07;22:00:00;0;G;0.0;G
2021-04-07;23:00:00;0;G;0.0;G
2021-04-08;00:00:00;0;G;0.0;G
2021-04-08;01:00:00;0;G;0.0;G
2021-04-08;02:00:00;0;G;0.0;G
2021-04-08;03:00:00;0;G;0.0;G
2021-04-08;04:00:00;0;G;0.0;G
2021-04-08;05:00:00;0;G;0.0;G
2021-04-08;06:00:00;0;G;0.0;G
2021-04-08;07:00:00;308;G;2.5;G
2021-04-08;08:00:00;311;G;2.3;G
2021-04-08;09:00:00;289;G;3.6;G
2021-04-08;10:00:00;327;G;4.9;G
2021-04-08;11:00:00;281;G;3.9;G
2021-04-08;12:00:00;260;G;4.4;G
2021-04-08;14:00:00;347;G;2.1;G
2021-04-08;15:00:00;251;G;3.4;G
2021-04-08;16:00:00;196;G;5.3;G
2021-04-08;17:00:00;183;G;3.0;G
2021-04-08;18:00:00;180;G;2.3;G
2021-04-08;19:00:00;183;G;2.5;G
2021-04-08;20:00:00;229;G;4.9;G
2021-04-08;21:00:00;213;G;2.2;G
2021-04-08;22:00:00;188;G;3.2;G
2021-04-08;23:00:00;195;G;3.5;G
2021-04-09;00:00:00;189;G;5.4;G
2021-04-09;01:00:00;193;G;4.9;G
2021-04-09;02:00:00;181;G;4.1;G
2021-04-09;03:00:00;185;G;4.7;G
2021-04-09;04:00:00;191;G;5.5;G
2021-04-09;05:00:00;196;G;5.0;G
2021-04-09;06:00:00;197;G;5.5;G
2021-04-09;07:00:00;185;G;6.4;G
2021-04-09;08:00:00;205;G;6.9;G
2021-04-09;09:00:00;207;G;5.2;G
2021-04-09;10:00:00;196;G;4.3;G
2021-04-09;11:00:00;230;G;7.5;G
2021-04-09;12:00:00;211;G;6.4;G
2021-04-09;13:00:00;222;G;7.8;G
2021-04-09;14:00:00;220;G;9.8;G
2021-04-09;15:00:00;226;G;10.1;G
2021-04-09;16:00:00;240;G;9.5;G
2021-04-09;17:00:00;232;G;7.6;G
2021-04-09;18:00:00;250;G;8.7;G
2021-04-09;19:00:00;240;G;4.5;G
2021-04-09;20:00:00;264;G;4.5;G
2021-04-09;21:00:00;229;G;2.9;G
2021-04-09;22:00:00;239;G;4.4;G
2021-04-09;23:00:00;239;G;5.8;G
2021-04-10;00:00:00;239;G;4.5;G
2021-04-10;01:00:00;232;G;4.8;G
2021-04-10;02:00:00;238;G;4.7;G
2021-04-10;03:00:00;240;G;4.8;G
2021-04-10;04:00:00;249;G;6.8;G
2021-04-10;05:00:00;223;G;3.9;G
2021-04-10;06:00:00;243;G;6.4;G
2021-04-10;07:00:00;246;G;8.2;G
2021-04-10;08:00:00;249;G;7.6;G
2021-04-10;09:00:00;262;G;7.2;G
2021-04-10;10:00:00;249;G;6.2;G
2021-04-10;11:00:00;244;G;7.2;G
2021-04-10;12:00:00;247;G;7.1;G
2021-04-10;13:00:00;249;G;6.5;G
2021-04-10;14:00:00;251;G;7.9;G
2021-04-10;15:00:00;263;G;6.0;G
2021-04-10;16:00:00;255;G;8.0;G
2021-04-10;17:00:00;251;G;5.3;G
2021-04-10;18:00:00;237;G;1.4;G
2021-04-10;19:00:00;243;G;1.0;G
2021-04-10;20:00:00;0;G;0.0;G
2021-04-10;21:00:00;0;G;0.0;G
2021-04-10;22:00:00;0;G;0.0;G
2021-04-10;23:00:00;0;G;0.0;G
2021-04-11;00:00:00;233;G;0.8;G
2021-04-11;01:00:00;0;G;0.0;G
2021-04-11;02:00:00;0;G;0.0;G
2021-04-11;03:00:00;212;G;0.6;G
2021-04-11;04:00:00;0;G;0.0;G
2021-04-11;05:00:00;0;G;0.0;G
2021-04-11;06:00:00;0;G;0.0;G
2021-04-11;07:00:00;114;G;1.1;G
2021-04-11;08:00:00;132;G;2.7;G
2021-04-11;09:00:00;162;G;3.7;G
2021-04-11;10:00:00;149;G;3.9;G
2021-04-11;11:00:00;165;G;4.2;G
2021-04-11;12:00:00;136;G;4.1;G
2021-04-11;13:00:00;126;G;3.6;G
2021-04-11;14:00:00;114;G;3.6;G
2021-04-11;15:00:00;120;G;3.4;G
2021-04-11;16:00:00;98;G;4.0;G
2021-04-11;17:00:00;101;G;5.5;G
2021-04-11;18:00:00;85;G;2.9;G
2021-04-11;19:00:00;83;G;3.2;G
2021-04-11;20:00:00;74;G;4.0;G
2021-04-11;21:00:00;74;G;4.8;G
2021-04-11;22:00:00;87;G;3.9;G
2021-04-11;23:00:00;90;G;4.1;G
2021-04-12;00:00:00;73;G;3.2;G
2021-04-12;01:00:00;76;G;2.4;G
2021-04-12;02:00:00;0;G;0.0;G
2021-04-12;03:00:00;0;G;0.0;G
2021-04-12;04:00:00;255;G;2.0;G
2021-04-12;05:00:00;0;G;0.0;G
2021-04-12;06:00:00;0;G;0.0;G
2021-04-12;07:00:00;225;G;1.9;G
2021-04-12;08:00:00;214;G;1.8;G
2021-04-12;09:00:00;250;G;4.2;G
2021-04-12;10:00:00;255;G;3.4;G
2021-04-12;11:00:00;240;G;5.2;G
2021-04-12;12:00:00;257;G;4.1;G
2021-04-12;13:00:00;253;G;5.9;G
2021-04-12;14:00:00;257;G;5.0;G
2021-04-12;15:00:00;246;G;5.8;G
2021-04-12;16:00:00;251;G;3.7;G
2021-04-12;17:00:00;226;G;2.0;G
2021-04-12;18:00:00;192;G;1.3;G
2021-04-12;19:00:00;193;G;1.3;G
2021-04-12;20:00:00;166;G;1.1;G
2021-04-12;21:00:00;206;G;2.4;G
2021-04-12;22:00:00;218;G;3.0;G
2021-04-12;23:00:00;220;G;2.3;G
2021-04-13;00:00:00;205;G;1.6;G
2021-04-13;01:00:00;196;G;1.7;G
2021-04-13;02:00:00;189;G;1.8;G
2021-04-13;03:00:00;200;G;2.7;G
2021-04-13;04:00:00;191;G;2.0;G
2021-04-13;05:00:00;205;G;3.2;G
2021-04-13;06:00:00;216;G;5.2;G
2021-04-13;07:00:00;208;G;4.1;G
2021-04-13;08:00:00;209;G;3.6;G
2021-04-13;09:00:00;224;G;4.6;G
2021-04-13;10:00:00;200;G;3.6;G
2021-04-13;11:00:00;211;G;4.1;G
2021-04-13;12:00:00;232;G;4.0;G
2021-04-13;13:00:00;199;G;4.5;G
2021-04-13;14:00:00;229;G;4.7;G
2021-04-13;15:00:00;200;G;3.8;G
2021-04-13;16:00:00;201;G;2.8;G
2021-04-13;17:00:00;348;G;1.8;G
2021-04-13;18:00:00;156;G;0.7;G
2021-04-13;19:00:00;279;G;2.2;G
2021-04-13;20:00:00;240;G;0.9;G
2021-04-13;21:00:00;281;G;1.0;G
2021-04-13;22:00:00;270;G;1.0;G
2021-04-13;23:00:00;243;G;1.3;G
2021-04-14;00:00:00;252;G;0.6;G
2021-04-14;01:00:00;259;G;0.9;G
2021-04-14;02:00:00;0;G;0.0;G
2021-04-14;03:00:00;0;G;0.0;G
2021-04-14;04:00:00;0;G;0.0;G
2021-04-14;05:00:00;0;G;0.0;G
2021-04-14;06:00:00;325;G;2.7;G
2021-04-14;07:00:00;312;G;3.7;G
2021-04-14;08:00:00;339;G;3.5;G
2021-04-14;09:00:00;335;G;3.3;G
2021-04-14;10:00:00;333;G;3.7;G
2021-04-14;11:00:00;301;G;3.8;G
2021-04-14;12:00:00;344;G;3.1;G
2021-04-14;13:00:00;326;G;3.8;G
2021-04-14;14:00:00;319;G;2.8;G
2021-04-14;15:00:00;330;G;3.4;G
2021-04-14;16:00:00;353;G;2.4;G
2021-04-14;17:00:00;78;G;3.8;G
2021-04-14;18:00:00;0;G;0.0;G
2021-04-14;19:00:00;0;G;0.0;G
2021-04-14;20:00:00;0;G;0.0;G
2021-04-14;21:00:00;129;G;0.7;G
2021-04-14;22:00:00;0;G;0.0;G
2021-04-14;23:00:00;0;G;0.0;G
2021-04-15;00:00:00;0;G;0.0;G
2021-04-15;01:00:00;0;G;0.0;G
2021-04-15;02:00:00;0;G;0.0;G
2021-04-15;03:00:00;0;G;0.0;G
2021-04-15;04:00:00;256;G;0.5;G
2021-04-15;05:00:00;0;G;0.0;G
2021-04-15;06:00:00;0;G;0.0;G
2021-04-15;07:00:00;25;G;2.6;G
2021-04-15;08:00:00;31;G;4.4;G
2021-04-15;09:00:00;34;G;4.6;G
2021-04-15;10:00:00;33;G;5.0;G
2021-04-15;11:00:00;23;G;5.0;G
2021-04-15;12:00:00;21;G;4.7;G
2021-04-15;13:00:00;32;G;4.8;G
2021-04-15;14:00:00;39;G;5.0;G
2021-04-15;15:00:00;50;G;4.6;G
2021-04-15;16:00:00;33;G;3.7;G
2021-04-15;17:00:00;46;G;3.1;G
2021-04-15;18:00:00;47;G;1.5;G
2021-04-15;19:00:00;55;G;1.6;G
2021-04-15;20:00:00;295;G;0.5;G
2021-04-15;21:00:00;0;G;0.0;G
2021-04-15;22:00:00;359;G;0.9;G
2021-04-15;23:00:00;357;G;1.4;G
2021-04-16;00:00:00;1;G;1.4;G
2021-04-16;01:00:00;350;G;1.4;G
2021-04-16;02:00:00;347;G;2.0;G
2021-04-16;03:00:00;351;G;1.8;G
2021-04-16;04:00:00;347;G;1.7;G
2021-04-16;05:00:00;352;G;1.8;G
2021-04-16;06:00:00;5;G;2.6;G
2021-04-16;07:00:00;16;G;3.1;G
2021-04-16;08:00:00;20;G;4.3;G
2021-04-16;09:00:00;36;G;5.5;G
2021-04-16;10:00:00;62;G;6.5;G
2021-04-16;11:00:00;42;G;6.7;G
2021-04-16;12:00:00;62;G;6.5;G
2021-04-16;13:00:00;66;G;5.9;G
2021-04-16;14:00:00;38;G;5.5;G
2021-04-16;15:00:00;49;G;5.8;G
2021-04-16;16:00:00;38;G;6.3;G
2021-04-16;17:00:00;32;G;4.3;G
2021-04-16;18:00:00;13;G;3.8;G
2021-04-16;19:00:00;17;G;4.4;G
2021-04-16;20:00:00;4;G;2.8;G
2021-04-16;21:00:00;3;G;2.4;G
2021-04-16;22:00:00;20;G;2.4;G
2021-04-16;23:00:00;4;G;1.3;G
2021-04-17;00:00:00;3;G;1.9;G
2021-04-17;01:00:00;350;G;1.7;G
2021-04-17;02:00:00;358;G;1.2;G
2021-04-17;03:00:00;344;G;1.8;G
2021-04-17;04:00:00;357;G;1.7;G
2021-04-17;05:00:00;359;G;2.0;G
2021-04-17;06:00:00;10;G;2.5;G
2021-04-17;07:00:00;40;G;4.6;G
2021-04-17;08:00:00;42;G;4.5;G
2021-04-17;09:00:00;34;G;4.4;G
2021-04-17;10:00:00;18;G;5.1;G
2021-04-17;11:00:00;43;G;3.3;G
2021-04-17;12:00:00;35;G;4.4;G
2021-04-17;13:00:00;37;G;5.1;G
2021-04-17;14:00:00;63;G;4.8;G
2021-04-17;15:00:00;49;G;5.2;G
2021-04-17;16:00:00;68;G;5.7;G
2021-04-17;17:00:00;49;G;4.8;G
2021-04-17;18:00:00;39;G;2.2;G
2021-04-17;19:00:00;25;G;3.4;G
2021-04-17;20:00:00;16;G;3.0;G
2021-04-17;21:00:00;19;G;3.4;G
2021-04-17;22:00:00;20;G;1.5;G
2021-04-17;23:00:00;11;G;0.8;G
2021-04-18;00:00:00;3;G;1.9;G
2021-04-18;01:00:00;357;G;1.3;G
2021-04-18;02:00:00;8;G;1.2;G
2021-04-18;03:00:00;18;G;0.6;G
2021-04-18;04:00:00;354;G;0.7;G
2021-04-18;05:00:00;11;G;1.0;G
2021-04-18;06:00:00;15;G;2.4;G
2021-04-18;07:00:00;38;G;2.9;G
2021-04-18;08:00:00;19;G;3.9;G
2021-04-18;09:00:00;48;G;5.1;G
2021-04-18;10:00:00;44;G;5.3;G
2021-04-18;11:00:00;52;G;5.9;G
2021-04-18;12:00:00;56;G;4.8;G
2021-04-18;13:00:00;62;G;4.3;G
2021-04-18;14:00:00;72;G;3.0;G
2021-04-18;15:00:00;54;G;3.8;G
2021-04-18;16:00:00;77;G;4.3;G
2021-04-18;17:00:00;84;G;3.4;G
2021-04-18;18:00:00;56;G;1.3;G
2021-04-18;19:00:00;14;G;0.7;G
2021-04-18;20:00:00;341;G;0.6;G
2021-04-18;21:00:00;0;G;0.0;G
2021-04-18;22:00:00;0;G;0.0;G
2021-04-18;23:00:00;0;G;0.0;G
2021-04-19;00:00:00;256;G;1.0;G
2021-04-19;01:00:00;0;G;0.0;G
2021-04-19;02:00:00;0;G;0.0;G
2021-04-19;03:00:00;0;G;0.0;G
2021-04-19;04:00:00;256;G;1.1;G
2021-04-19;05:00:00;0;G;0.0;G
2021-04-19;06:00:00;38;G;1.9;G
2021-04-19;07:00:00;68;G;3.8;G
2021-04-19;08:00:00;57;G;4.5;G
2021-04-19;09:00:00;66;G;5.9;G
2021-04-19;10:00:00;59;G;6.1;G
2021-04-19;11:00:00;50;G;5.5;G
2021-04-19;12:00:00;68;G;4.0;G
2021-04-19;13:00:00;78;G;4.9;G
2021-04-19;14:00:00;70;G;5.3;G
2021-04-19;15:00:00;56;G;4.6;G
2021-04-19;16:00:00;84;G;3.8;G
2021-04-19;17:00:00;70;G;2.8;G
2021-04-19;18:00:00;72;G;2.0;G
2021-04-19;19:00:00;0;G;0.0;G
2021-04-19;20:00:00;0;G;0.0;G
2021-04-19;21:00:00;0;G;0.0;G
2021-04-19;22:00:00;0;G;0.0;G
2021-04-19;23:00:00;0;G;0.0;G
2021-04-20;00:00:00;0;G;0.0;G
2021-04-20;01:00:00;265;G;0.5;G
2021-04-20;02:00:00;267;G;0.7;G
2021-04-20;03:00:00;248;G;0.8;G
2021-04-20;04:00:00;255;G;0.5;G
2021-04-20;05:00:00;0;G;0.0;G
2021-04-20;06:00:00;60;G;1.9;G
2021-04-20;07:00:00;56;G;3.3;G
2021-04-20;08:00:00;60;G;3.8;G
2021-04-20;09:00:00;60;G;2.5;G
2021-04-20;10:00:00;31;G;2.9;G
2021-04-20;11:00:00;116;G;2.2;G
2021-04-20;12:00:00;96;G;2.8;G
2021-04-20;13:00:00;138;G;4.0;G
2021-04-20;14:00:00;135;G;4.0;G
2021-04-20;15:00:00;138;G;2.6;G
2021-04-20;16:00:00;150;G;3.0;G
2021-04-20;17:00:00;145;G;2.6;G
2021-04-20;18:00:00;146;G;2.3;G
2021-04-20;19:00:00;174;G;0.6;G
2021-04-20;20:00:00;134;G;0.6;G
2021-04-20;21:00:00;0;G;0.0;G
2021-04-20;22:00:00;0;G;0.0;G
2021-04-20;23:00:00;99;G;0.5;G
2021-04-21;00:00:00;0;G;0.0;G
2021-04-21;01:00:00;124;G;1.3;G
2021-04-21;02:00:00;128;G;1.5;G
2021-04-21;03:00:00;0;G;0.0;G
2021-04-21;04:00:00;96;G;0.6;G
2021-04-21;05:00:00;111;G;0.6;G
2021-04-21;06:00:00;176;G;2.7;G
2021-04-21;07:00:00;157;G;3.1;G
2021-04-21;08:00:00;172;G;4.3;G
2021-04-21;09:00:00;145;G;4.9;G
2021-04-21;10:00:00;124;G;5.1;G
2021-04-21;11:00:00;141;G;5.6;G
2021-04-21;12:00:00;181;G;4.1;G
2021-04-21;13:00:00;205;G;5.4;G
2021-04-21;14:00:00;234;G;4.0;G
2021-04-21;15:00:00;240;G;5.1;G
2021-04-21;16:00:00;171;G;0.8;G
2021-04-21;17:00:00;127;G;1.6;G
2021-04-21;18:00:00;0;G;0.0;G
2021-04-21;19:00:00;0;G;0.0;G
2021-04-21;20:00:00;226;G;0.6;G
2021-04-21;21:00:00;0;G;0.0;G
2021-04-21;22:00:00;233;G;1.0;G
2021-04-21;23:00:00;142;G;0.6;G
2021-04-22;00:00:00;129;G;1.9;G
2021-04-22;01:00:00;237;G;1.7;G
2021-04-22;02:00:00;277;G;2.3;G
2021-04-22;03:00:00;331;G;4.0;G
2021-04-22;04:00:00;338;G;4.5;G
2021-04-22;05:00:00;349;G;5.1;G
2021-04-22;06:00:00;353;G;6.0;G
2021-04-22;07:00:00;337;G;5.2;G
2021-04-22;08:00:00;323;G;3.9;G
2021-04-22;09:00:00;319;G;4.4;G
2021-04-22;10:00:00;328;G;4.0;G
2021-04-22;11:00:00;340;G;5.6;G
2021-04-22;12:00:00;334;G;6.8;G
2021-04-22;13:00:00;333;G;5.5;G
2021-04-22;14:00:00;334;G;6.6;G
2021-04-22;15:00:00;333;G;6.3;G
2021-04-22;16:00:00;331;G;6.1;G
2021-04-22;17:00:00;339;G;5.3;G
2021-04-22;18:00:00;328;G;4.1;G
2021-04-22;19:00:00;331;G;5.1;G
2021-04-22;20:00:00;323;G;2.6;G
2021-04-22;21:00:00;274;G;2.1;G
2021-04-22;22:00:00;238;G;2.1;G
2021-04-22;23:00:00;289;G;2.8;G
2021-04-23;00:00:00;303;G;5.4;G
2021-04-23;01:00:00;305;G;4.5;G
2021-04-23;02:00:00;305;G;5.2;G
2021-04-23;03:00:00;310;G;5.3;G
2021-04-23;04:00:00;310;G;4.5;G
2021-04-23;05:00:00;306;G;6.4;G
2021-04-23;06:00:00;315;G;6.1;G
2021-04-23;07:00:00;318;G;7.5;G
2021-04-23;08:00:00;330;G;7.3;G
2021-04-23;09:00:00;336;G;6.4;G
2021-04-23;10:00:00;315;G;6.0;G
2021-04-23;11:00:00;324;G;5.6;G
2021-04-23;12:00:00;319;G;8.0;G
2021-04-23;13:00:00;301;G;9.0;G
2021-04-23;14:00:00;313;G;5.9;G
2021-04-23;15:00:00;333;G;3.6;G
2021-04-23;16:00:00;315;G;4.2;G
2021-04-23;17:00:00;310;G;5.0;G
2021-04-23;18:00:00;304;G;3.1;G
2021-04-23;19:00:00;304;G;4.3;G
2021-04-23;20:00:00;275;G;2.5;G
2021-04-23;21:00:00;308;G;3.6;G
2021-04-23;22:00:00;301;G;4.4;G
2021-04-23;23:00:00;302;G;4.9;G
2021-04-24;00:00:00;309;G;4.2;G
2021-04-24;01:00:00;297;G;4.2;G
2021-04-24;02:00:00;300;G;3.6;G
2021-04-24;03:00:00;307;G;4.9;G
2021-04-24;04:00:00;303;G;4.5;G
2021-04-24;05:00:00;320;G;5.9;G
2021-04-24;06:00:00;314;G;6.4;G
2021-04-24;07:00:00;324;G;7.0;G
2021-04-24;08:00:00;337;G;6.4;G
2021-04-24;09:00:00;318;G;6.5;G
2021-04-24;10:00:00;317;G;5.8;G
2021-04-24;11:00:00;332;G;6.3;G
2021-04-24;12:00:00;347;G;4.9;G
2021-04-24;13:00:00;336;G;5.1;G
2021-04-24;14:00:00;341;G;5.8;G
2021-04-24;15:00:00;347;G;5.6;G
2021-04-24;16:00:00;311;G;3.5;G
2021-04-24;17:00:00;343;G;5.8;G
2021-04-24;18:00:00;328;G;2.9;G
2021-04-24;19:00:00;300;G;1.0;G
2021-04-24;20:00:00;281;G;0.9;G
2021-04-24;21:00:00;265;G;1.1;G
2021-04-24;22:00:00;277;G;1.6;G
2021-04-24;23:00:00;300;G;2.3;G
2021-04-25;00:00:00;282;G;2.4;G
2021-04-25;01:00:00;276;G;1.7;G
2021-04-25;02:00:00;281;G;2.3;G
2021-04-25;03:00:00;280;G;3.0;G
2021-04-25;04:00:00;305;G;3.6;G
2021-04-25;05:00:00;316;G;4.5;G
2021-04-25;06:00:00;334;G;5.3;G
2021-04-25;07:00:00;337;G;5.8;G
2021-04-25;08:00:00;323;G;6.1;G
2021-04-25;09:00:00;339;G;6.0;G
2021-04-25;10:00:00;345;G;6.7;G
2021-04-25;11:00:00;333;G;5.3;G
2021-04-25;12:00:00;327;G;5.6;G
2021-04-25;13:00:00;311;G;5.1;G
2021-04-25;14:00:00;345;G;6.0;G
2021-04-25;15:00:00;341;G;7.6;G
2021-04-25;16:00:00;332;G;6.0;G
2021-04-25;17:00:00;345;G;4.7;G
2021-04-25;18:00:00;345;G;5.3;G
2021-04-25;19:00:00;329;G;4.2;G
2021-04-25;20:00:00;311;G;3.5;G
2021-04-25;21:00:00;308;G;4.4;G
2021-04-25;22:00:00;303;G;3.4;G
2021-04-25;23:00:00;290;G;2.8;G
2021-04-26;00:00:00;282;G;2.7;G
2021-04-26;01:00:00;270;G;2.8;G
2021-04-26;02:00:00;281;G;1.9;G
2021-04-26;03:00:00;294;G;2.7;G
2021-04-26;04:00:00;317;G;2.8;G
2021-04-26;05:00:00;310;G;3.1;G
2021-04-26;06:00:00;334;G;5.6;G
2021-04-26;07:00:00;318;G;4.5;G
2021-04-26;08:00:00;316;G;6.4;G
2021-04-26;09:00:00;336;G;6.4;G
2021-04-26;10:00:00;333;G;5.6;G
2021-04-26;11:00:00;341;G;5.4;G
2021-04-26;12:00:00;337;G;7.2;G
2021-04-26;13:00:00;343;G;5.8;G
2021-04-26;14:00:00;338;G;5.2;G
2021-04-26;15:00:00;348;G;5.7;G
2021-04-26;16:00:00;355;G;5.5;G
2021-04-26;17:00:00;350;G;5.0;G
2021-04-26;18:00:00;344;G;6.1;G
2021-04-26;19:00:00;334;G;3.0;G
2021-04-26;20:00:00;338;G;3.9;G
2021-04-26;21:00:00;331;G;3.3;G
2021-04-26;22:00:00;333;G;3.5;G
2021-04-26;23:00:00;338;G;3.8;G
2021-04-27;00:00:00;334;G;3.7;G
2021-04-27;01:00:00;335;G;2.1;G
2021-04-27;02:00:00;338;G;2.9;G
2021-04-27;03:00:00;329;G;2.0;G
2021-04-27;04:00:00;332;G;1.9;G
2021-04-27;05:00:00;318;G;3.4;G
2021-04-27;06:00:00;318;G;3.9;G
2021-04-27;07:00:00;308;G;3.0;G
2021-04-27;08:00:00;305;G;2.2;G
2021-04-27;09:00:00;330;G;3.7;G
2021-04-27;10:00:00;334;G;3.6;G
2021-04-27;11:00:00;314;G;3.5;G
2021-04-27;12:00:00;312;G;3.7;G
2021-04-27;13:00:00;322;G;5.6;G
2021-04-27;14:00:00;304;G;4.6;G
2021-04-27;15:00:00;294;G;3.6;G
2021-04-27;16:00:00;67;G;5.8;G
2021-04-27;17:00:00;102;G;3.8;G
2021-04-27;18:00:00;104;G;2.3;G
2021-04-27;19:00:00;146;G;1.4;G
2021-04-27;20:00:00;0;G;0.0;G
2021-04-27;21:00:00;0;G;0.0;G
2021-04-27;22:00:00;0;G;0.0;G
2021-04-27;23:00:00;0;G;0.0;G
2021-04-28;00:00:00;0;G;0.0;G
2021-04-28;01:00:00;0;G;0.0;G
2021-04-28;02:00:00;242;G;0.6;G
2021-04-28;03:00:00;0;G;0.0;G
2021-04-28;04:00:00;0;G;0.0;G
2021-04-28;05:00:00;0;G;0.0;G
2021-04-28;06:00:00;0;G;0.0;G
2021-04-28;07:00:00;36;G;1.3;G
2021-04-28;08:00:00;25;G;1.6;G
2021-04-28;09:00:00;342;G;1.6;G
2021-04-28;10:00:00;142;G;1.4;G
2021-04-28;11:00:00;68;G;0.7;G
2021-04-28;12:00:00;162;G;2.4;G
2021-04-28;13:00:00;194;G;3.7;G
2021-04-28;14:00:00;169;G;2.9;G
2021-04-28;15:00:00;160;G;2.8;G
2021-04-28;16:00:00;164;G;3.1;G
2021-04-28;17:00:00;152;G;3.1;G
2021-04-28;18:00:00;168;G;2.0;G
2021-04-28;19:00:00;132;G;1.1;G
2021-04-28;20:00:00;0;G;0.0;G
2021-04-28;21:00:00;0;G;0.0;G
2021-04-28;22:00:00;0;G;0.0;G
2021-04-28;23:00:00;105;G;0.6;G
2021-04-29;00:00:00;0;G;0.0;G
2021-04-29;01:00:00;0;G;0.0;G
2021-04-29;02:00:00;0;G;0.0;G
2021-04-29;03:00:00;0;G;0.0;G
2021-04-29;04:00:00;0;G;0.0;G
2021-04-29;05:00:00;0;G;0.0;G
2021-04-29;06:00:00;0;G;0.0;G
2021-04-29;07:00:00;66;G;1.7;G
2021-04-29;08:00:00;95;G;3.1;G
2021-04-29;09:00:00;69;G;2.7;G
2021-04-29;10:00:00;95;G;2.0;G
2021-04-29;11:00:00;40;G;3.0;G
2021-04-29;12:00:00;46;G;3.9;G
2021-04-29;13:00:00;83;G;3.9;G
2021-04-29;14:00:00;68;G;4.0;G
2021-04-29;15:00:00;101;G;3.6;G
2021-04-29;16:00:00;85;G;3.7;G
2021-04-29;17:00:00;84;G;2.0;G
2021-04-29;18:00:00;101;G;2.6;G
2021-04-29;19:00:00;48;G;0.9;G
2021-04-29;20:00:00;48;G;1.0;G
2021-04-29;21:00:00;0;G;0.0;G
2021-04-29;22:00:00;0;G;0.0;G
2021-04-29;23:00:00;0;G;0.0;G
2021-04-30;00:00:00;0;G;0.0;G
2021-04-30;01:00:00;0;G;0.0;G
2021-04-30;02:00:00;0;G;0.0;G
2021-04-30;03:00:00;0;G;0.0;G
2021-04-30;04:00:00;265;G;0.7;G
2021-04-30;05:00:00;0;G;0.0;G
2021-04-30;06:00:00;22;G;2.9;G
2021-04-30;07:00:00;308;G;3.1;G
2021-04-30;08:00:00;308;G;3.9;G
2021-04-30;09:00:00;321;G;4.5;G
2021-04-30;10:00:00;351;G;5.3;G
2021-04-30;11:00:00;325;G;4.7;G
2021-04-30;12:00:00;304;G;5.4;G
2021-04-30;13:00:00;304;G;5.0;G
2021-04-30;14:00:00;288;G;4.0;G
2021-04-30;15:00:00;289;G;4.9;G
2021-04-30;16:00:00;298;G;3.1;G
2021-04-30;17:00:00;12;G;2.6;G
2021-04-30;18:00:00;122;G;4.5;G
2021-04-30;19:00:00;121;G;2.0;G
2021-04-30;20:00:00;111;G;1.8;G
2021-04-30;21:00:00;127;G;0.8;G
2021-04-30;22:00:00;0;G;0.0;G
2021-04-30;23:00:00;0;G;0.0;G
2021-05-01;00:00:00;0;G;0.0;G
2021-05-01;01:00:00;232;G;0.5;G
2021-05-01;02:00:00;0;G;0.0;G
2021-05-01;03:00:00;0;G;0.0;G
2021-05-01;04:00:00;253;G;0.6;G
2021-05-01;05:00:00;0;G;0.0;G
2021-05-01;06:00:00;333;G;2.3;G
2021-05-01;07:00:00;317;G;2.2;G
2021-05-01;08:00:00;322;G;2.9;G
2021-05-01;09:00:00;338;G;3.3;G
2021-05-01;10:00:00;291;G;3.6;G
2021-05-01;11:00:00;347;G;3.8;G
2021-05-01;12:00:00;339;G;3.5;G
2021-05-01;13:00:00;271;G;3.1;G
2021-05-01;14:00:00;124;G;3.9;G
2021-05-01;15:00:00;144;G;4.7;G
2021-05-01;16:00:00;142;G;4.9;G
2021-05-01;17:00:00;148;G;4.3;G
2021-05-01;18:00:00;139;G;3.7;G
2021-05-01;19:00:00;112;G;2.7;G
2021-05-01;20:00:00;119;G;2.0;G
2021-05-01;21:00:00;128;G;1.1;G
2021-05-01;22:00:00;129;G;0.8;G
2021-05-01;23:00:00;137;G;1.5;G
2021-05-02;00:00:00;134;G;2.6;G
2021-05-02;01:00:00;137;G;1.8;G
2021-05-02;02:00:00;131;G;1.3;G
2021-05-02;03:00:00;124;G;1.7;G
2021-05-02;04:00:00;127;G;2.2;G
2021-05-02;05:00:00;129;G;3.7;G
2021-05-02;06:00:00;129;G;5.9;G
2021-05-02;07:00:00;123;G;6.6;G
2021-05-02;08:00:00;129;G;5.5;G
2021-05-02;09:00:00;158;G;5.4;G
2021-05-02;10:00:00;130;G;5.9;G
2021-05-02;11:00:00;150;G;5.0;G
2021-05-02;12:00:00;162;G;4.3;G
2021-05-02;13:00:00;151;G;3.8;G
2021-05-02;14:00:00;134;G;3.4;G
2021-05-02;15:00:00;138;G;4.7;G
2021-05-02;16:00:00;152;G;2.5;G
2021-05-02;17:00:00;137;G;3.1;G
2021-05-02;18:00:00;117;G;2.8;G
2021-05-02;19:00:00;142;G;1.0;G
2021-05-02;20:00:00;132;G;1.2;G
2021-05-02;21:00:00;128;G;1.4;G
2021-05-02;22:00:00;0;G;0.0;G
2021-05-02;23:00:00;49;G;0.6;G
2021-05-03;00:00:00;0;G;0.0;G
2021-05-03;01:00:00;0;G;0.0;G
2021-05-03;02:00:00;0;G;0.0;G
2021-05-03;03:00:00;0;G;0.0;G
2021-05-03;04:00:00;0;G;0.0;G
2021-05-03;05:00:00;0;G;0.0;G
2021-05-03;06:00:00;0;G;0.0;G
2021-05-03;07:00:00;17;G;0.5;G
2021-05-03;08:00:00;62;G;1.1;G
2021-05-03;09:00:00;33;G;1.0;G
2021-05-03;10:00:00;176;G;2.1;G
2021-05-03;11:00:00;217;G;2.5;G
2021-05-03;12:00:00;227;G;4.2;G
2021-05-03;13:00:00;219;G;3.2;G
2021-05-03;14:00:00;206;G;3.6;G
2021-05-03;15:00:00;202;G;3.7;G
2021-05-03;16:00:00;204;G;4.1;G
2021-05-03;17:00:00;192;G;2.5;G
2021-05-03;18:00:00;172;G;1.7;G
2021-05-03;19:00:00;132;G;1.6;G
2021-05-03;20:00:00;213;G;1.3;G
2021-05-03;21:00:00;143;G;0.8;G
2021-05-03;22:00:00;135;G;0.6;G
2021-05-03;23:00:00;0;G;0.0;G
2021-05-04;00:00:00;54;G;1.3;G
2021-05-04;01:00:00;0;G;0.0;G
2021-05-04;02:00:00;0;G;0.0;G
2021-05-04;03:00:00;0;G;0.0;G
2021-05-04;04:00:00;119;G;0.5;G
2021-05-04;05:00:00;0;G;0.0;G
2021-05-04;06:00:00;140;G;1.7;G
2021-05-04;07:00:00;140;G;1.8;G
2021-05-04;08:00:00;144;G;3.6;G
2021-05-04;09:00:00;145;G;3.6;G
2021-05-04;10:00:00;134;G;5.3;G
2021-05-04;11:00:00;131;G;5.4;G
2021-05-04;12:00:00;137;G;5.5;G
2021-05-04;13:00:00;134;G;5.0;G
2021-05-04;14:00:00;134;G;5.1;G
2021-05-04;15:00:00;109;G;4.2;G
2021-05-04;16:00:00;108;G;4.7;G
2021-05-04;17:00:00;100;G;4.6;G
2021-05-04;18:00:00;95;G;3.7;G
2021-05-04;19:00:00;103;G;3.5;G
2021-05-04;20:00:00;91;G;3.3;G
2021-05-04;21:00:00;88;G;3.2;G
2021-05-04;22:00:00;86;G;3.8;G
2021-05-04;23:00:00;87;G;5.2;G
2021-05-05;00:00:00;83;G;4.7;G
2021-05-05;01:00:00;83;G;5.0;G
2021-05-05;02:00:00;83;G;5.2;G
2021-05-05;03:00:00;88;G;5.8;G
2021-05-05;04:00:00;93;G;8.2;G
2021-05-05;05:00:00;79;G;6.1;G
2021-05-05;06:00:00;78;G;6.3;G
2021-05-05;07:00:00;77;G;6.8;G
2021-05-05;08:00:00;70;G;5.9;G
2021-05-05;09:00:00;61;G;5.9;G
2021-05-05;10:00:00;54;G;5.4;G
2021-05-05;11:00:00;47;G;5.1;G
2021-05-05;12:00:00;54;G;3.9;G
2021-05-05;13:00:00;43;G;3.3;G
2021-05-05;14:00:00;53;G;2.7;G
2021-05-05;15:00:00;81;G;2.3;G
2021-05-05;16:00:00;96;G;2.9;G
2021-05-05;17:00:00;100;G;2.7;G
2021-05-05;18:00:00;60;G;2.0;G
2021-05-05;19:00:00;31;G;2.5;G
2021-05-05;20:00:00;22;G;3.5;G
2021-05-05;21:00:00;24;G;2.7;G
2021-05-05;22:00:00;28;G;3.1;G
2021-05-05;23:00:00;23;G;3.2;G
2021-05-06;00:00:00;18;G;3.1;G
2021-05-06;01:00:00;19;G;3.2;G
2021-05-06;02:00:00;8;G;2.3;G
2021-05-06;03:00:00;9;G;3.5;G
2021-05-06;04:00:00;360;G;3.1;G
2021-05-06;05:00:00;353;G;3.8;G
2021-05-06;06:00:00;357;G;3.7;G
2021-05-06;07:00:00;351;G;4.7;G
2021-05-06;08:00:00;358;G;5.0;G
2021-05-06;09:00:00;351;G;4.5;G
2021-05-06;10:00:00;353;G;4.9;G
2021-05-06;11:00:00;352;G;5.0;G
2021-05-06;12:00:00;348;G;4.3;G
2021-05-06;13:00:00;340;G;4.5;G
2021-05-06;14:00:00;348;G;4.3;G
2021-05-06;15:00:00;341;G;4.4;G
2021-05-06;16:00:00;333;G;4.4;G
2021-05-06;17:00:00;333;G;3.2;G
2021-05-06;18:00:00;345;G;4.1;G
2021-05-06;19:00:00;330;G;4.6;G
2021-05-06;20:00:00;328;G;4.0;G
2021-05-06;21:00:00;325;G;2.9;G
2021-05-06;22:00:00;311;G;3.7;G
2021-05-06;23:00:00;320;G;4.1;G
2021-05-07;00:00:00;313;G;3.7;G
2021-05-07;01:00:00;316;G;4.6;G
2021-05-07;02:00:00;319;G;4.6;G
2021-05-07;03:00:00;307;G;3.7;G
2021-05-07;04:00:00;292;G;2.7;G
2021-05-07;05:00:00;294;G;3.7;G
2021-05-07;06:00:00;307;G;4.3;G
2021-05-07;07:00:00;312;G;4.5;G
2021-05-07;08:00:00;304;G;5.6;G
2021-05-07;09:00:00;313;G;4.0;G
2021-05-07;10:00:00;316;G;4.0;G
2021-05-07;11:00:00;334;G;5.3;G
2021-05-07;12:00:00;309;G;4.7;G
2021-05-07;13:00:00;349;G;4.2;G
2021-05-07;14:00:00;350;G;4.0;G
2021-05-07;15:00:00;316;G;3.9;G
2021-05-07;16:00:00;333;G;3.4;G
2021-05-07;17:00:00;317;G;2.4;G
2021-05-07;18:00:00;276;G;1.3;G
2021-05-07;19:00:00;244;G;0.8;G
2021-05-07;20:00:00;227;G;0.8;G
2021-05-07;21:00:00;0;G;0.0;G
2021-05-07;22:00:00;0;G;0.0;G
2021-05-07;23:00:00;218;G;0.6;G
2021-05-08;00:00:00;0;G;0.0;G
2021-05-08;01:00:00;231;G;0.6;G
2021-05-08;02:00:00;0;G;0.0;G
2021-05-08;03:00:00;0;G;0.0;G
2021-05-08;04:00:00;0;G;0.0;G
2021-05-08;05:00:00;244;G;2.0;G
2021-05-08;06:00:00;247;G;2.6;G
2021-05-08;07:00:00;242;G;3.6;G
2021-05-08;08:00:00;247;G;3.4;G
2021-05-08;09:00:00;312;G;3.8;G
2021-05-08;10:00:00;269;G;5.5;G
2021-05-08;11:00:00;216;G;4.0;G
2021-05-08;12:00:00;217;G;4.1;G
2021-05-08;13:00:00;225;G;4.2;G
2021-05-08;14:00:00;236;G;1.3;G
2021-05-08;15:00:00;170;G;3.6;G
2021-05-08;16:00:00;169;G;4.4;G
2021-05-08;17:00:00;192;G;5.1;G
2021-05-08;18:00:00;177;G;3.5;G
2021-05-08;19:00:00;188;G;2.3;G
2021-05-08;20:00:00;190;G;3.1;G
2021-05-08;21:00:00;157;G;0.7;G
2021-05-08;22:00:00;0;G;0.0;G
2021-05-08;23:00:00;0;G;0.0;G
2021-05-09;00:00:00;128;G;0.6;G
2021-05-09;01:00:00;0;G;0.0;G
2021-05-09;02:00:00;0;G;0.0;G
2021-05-09;03:00:00;0;G;0.0;G
2021-05-09;04:00:00;0;G;0.0;G
2021-05-09;05:00:00;178;G;1.4;G
2021-05-09;06:00:00;157;G;1.5;G
2021-05-09;07:00:00;172;G;2.8;G
2021-05-09;08:00:00;167;G;4.6;G
2021-05-09;09:00:00;205;G;5.3;G
2021-05-09;10:00:00;182;G;4.4;G
2021-05-09;11:00:00;190;G;4.3;G
2021-05-09;12:00:00;156;G;5.3;G
2021-05-09;13:00:00;140;G;4.7;G
2021-05-09;14:00:00;130;G;6.0;G
2021-05-09;15:00:00;143;G;5.3;G
2021-05-09;16:00:00;149;G;5.5;G
2021-05-09;17:00:00;158;G;3.8;G
2021-05-09;18:00:00;168;G;2.8;G
2021-05-09;19:00:00;156;G;2.8;G
2021-05-09;20:00:00;137;G;3.3;G
2021-05-09;21:00:00;160;G;3.0;G
2021-05-09;22:00:00;180;G;2.7;G
2021-05-09;23:00:00;0;G;0.0;G
2021-05-10;00:00:00;129;G;1.1;G
2021-05-10;01:00:00;124;G;0.9;G
2021-05-10;02:00:00;227;G;2.3;G
2021-05-10;03:00:00;161;G;0.9;G
2021-05-10;04:00:00;172;G;1.4;G
2021-05-10;05:00:00;125;G;2.0;G
2021-05-10;06:00:00;186;G;1.6;G
2021-05-10;07:00:00;137;G;5.6;G
2021-05-10;08:00:00;340;G;3.4;G
2021-05-10;09:00:00;135;G;5.5;G
2021-05-10;10:00:00;143;G;4.6;G
2021-05-10;11:00:00;158;G;6.4;G
2021-05-10;12:00:00;152;G;4.9;G
2021-05-10;13:00:00;196;G;4.2;G
2021-05-10;14:00:00;178;G;5.9;G
2021-05-10;15:00:00;180;G;7.2;G
2021-05-10;16:00:00;180;G;4.6;G
2021-05-10;17:00:00;168;G;4.6;G
2021-05-10;18:00:00;178;G;3.7;G
2021-05-10;19:00:00;173;G;3.6;G
2021-05-10;20:00:00;152;G;2.7;G
2021-05-10;21:00:00;145;G;3.0;G
2021-05-10;22:00:00;159;G;2.9;G
2021-05-10;23:00:00;146;G;1.1;G
2021-05-11;00:00:00;186;G;0.8;G
2021-05-11;01:00:00;0;G;0.0;G
2021-05-11;02:00:00;0;G;0.0;G
2021-05-11;03:00:00;0;G;0.0;G
2021-05-11;04:00:00;0;G;0.0;G
2021-05-11;05:00:00;0;G;0.0;G
2021-05-11;06:00:00;326;G;2.2;G
2021-05-11;07:00:00;354;G;2.2;G
2021-05-11;08:00:00;342;G;2.0;G
2021-05-11;09:00:00;319;G;2.6;G
2021-05-11;10:00:00;302;G;2.3;G
2021-05-11;11:00:00;137;G;4.3;G
2021-05-11;12:00:00;118;G;2.7;G
2021-05-11;13:00:00;114;G;2.3;G
2021-05-11;14:00:00;131;G;5.2;G
2021-05-11;15:00:00;129;G;3.9;G
2021-05-11;16:00:00;133;G;3.1;G
2021-05-11;17:00:00;135;G;3.9;G
2021-05-11;18:00:00;128;G;2.8;G
2021-05-11;19:00:00;114;G;1.5;G
2021-05-11;20:00:00;116;G;2.5;G
2021-05-11;21:00:00;109;G;2.2;G
2021-05-11;22:00:00;114;G;2.8;G
2021-05-11;23:00:00;109;G;1.2;G
2021-05-12;00:00:00;121;G;2.5;G
2021-05-12;01:00:00;122;G;2.5;G
2021-05-12;02:00:00;125;G;2.0;G
2021-05-12;03:00:00;134;G;1.5;G
2021-05-12;04:00:00;128;G;0.9;G
2021-05-12;05:00:00;123;G;3.8;G
2021-05-12;06:00:00;132;G;5.0;G
2021-05-12;07:00:00;130;G;5.9;G
2021-05-12;08:00:00;149;G;4.8;G
2021-05-12;09:00:00;143;G;5.2;G
2021-05-12;10:00:00;135;G;6.0;G
2021-05-12;11:00:00;144;G;5.1;G
2021-05-12;12:00:00;123;G;7.3;G
2021-05-12;13:00:00;131;G;6.5;G
2021-05-12;14:00:00;129;G;6.9;G
2021-05-12;15:00:00;138;G;6.2;G
2021-05-12;16:00:00;144;G;5.2;G
2021-05-12;17:00:00;126;G;4.2;G
2021-05-12;18:00:00;119;G;3.9;G
2021-05-12;19:00:00;119;G;2.9;G
2021-05-12;20:00:00;131;G;2.6;G
2021-05-12;21:00:00;127;G;3.1;G
2021-05-12;22:00:00;129;G;2.4;G
2021-05-12;23:00:00;135;G;2.2;G
2021-05-13;00:00:00;137;G;3.1;G
2021-05-13;01:00:00;138;G;2.7;G
2021-05-13;02:00:00;141;G;2.8;G
2021-05-13;03:00:00;136;G;2.5;G
2021-05-13;04:00:00;132;G;2.5;G
2021-05-13;05:00:00;126;G;2.3;G
2021-05-13;06:00:00;123;G;4.2;G
2021-05-13;07:00:00;127;G;4.3;G
2021-05-13;08:00:00;146;G;3.0;G
2021-05-13;09:00:00;136;G;4.2;G
2021-05-13;10:00:00;107;G;5.0;G
2021-05-13;11:00:00;129;G;4.7;G
2021-05-13;12:00:00;102;G;4.4;G
2021-05-13;13:00:00;132;G;5.4;G
2021-05-13;14:00:00;115;G;3.8;G
2021-05-13;15:00:00;78;G;4.0;G
2021-05-13;16:00:00;102;G;3.0;G
2021-05-13;17:00:00;100;G;3.3;G
2021-05-13;18:00:00;92;G;2.1;G
2021-05-13;19:00:00;97;G;2.0;G
2021-05-13;20:00:00;0;G;0.0;G
2021-05-13;21:00:00;89;G;1.6;G
2021-05-13;22:00:00;0;G;0.0;G
2021-05-13;23:00:00;60;G;2.1;G
2021-05-14;00:00:00;135;G;3.3;G
2021-05-14;01:00:00;0;G;0.0;G
2021-05-14;02:00:00;0;G;0.0;G
2021-05-14;03:00:00;0;G;0.0;G
2021-05-14;04:00:00;0;G;0.0;G
2021-05-14;05:00:00;0;G;0.0;G
2021-05-14;06:00:00;240;G;0.9;G
2021-05-14;07:00:00;330;G;2.3;G
2021-05-14;08:00:00;332;G;1.2;G
2021-05-14;09:00:00;86;G;2.4;G
2021-05-14;10:00:00;140;G;4.2;G
2021-05-14;11:00:00;143;G;4.2;G
2021-05-14;12:00:00;153;G;0.7;G
2021-05-14;13:00:00;290;G;2.3;G
2021-05-14;14:00:00;321;G;2.2;G
2021-05-14;15:00:00;76;G;3.5;G
2021-05-14;16:00:00;84;G;3.5;G
2021-05-14;17:00:00;100;G;3.5;G
2021-05-14;18:00:00;84;G;2.0;G
2021-05-14;19:00:00;24;G;1.3;G
2021-05-14;20:00:00;21;G;1.1;G
2021-05-14;21:00:00;50;G;2.3;G
2021-05-14;22:00:00;63;G;2.4;G
2021-05-14;23:00:00;73;G;1.9;G
2021-05-15;00:00:00;102;G;2.3;G
2021-05-15;01:00:00;117;G;1.1;G
2021-05-15;02:00:00;128;G;1.2;G
2021-05-15;03:00:00;0;G;0.0;G
2021-05-15;04:00:00;69;G;1.1;G
2021-05-15;05:00:00;120;G;0.8;G
2021-05-15;06:00:00;154;G;0.9;G
2021-05-15;07:00:00;155;G;1.8;G
2021-05-15;08:00:00;157;G;1.5;G
2021-05-15;09:00:00;201;G;2.6;G
2021-05-15;10:00:00;218;G;3.2;G
2021-05-15;11:00:00;178;G;3.9;G
2021-05-15;12:00:00;163;G;3.2;G
2021-05-15;13:00:00;179;G;5.0;G
2021-05-15;14:00:00;167;G;4.9;G
2021-05-15;15:00:00;138;G;3.7;G
2021-05-15;16:00:00;141;G;3.6;G
2021-05-15;17:00:00;136;G;4.3;G
2021-05-15;18:00:00;126;G;3.8;G
2021-05-15;19:00:00;131;G;3.6;G
2021-05-15;20:00:00;137;G;3.2;G
2021-05-15;21:00:00;136;G;3.2;G
2021-05-15;22:00:00;158;G;2.9;G
2021-05-15;23:00:00;158;G;1.9;G
2021-05-16;00:00:00;147;G;1.8;G
2021-05-16;01:00:00;151;G;1.5;G
2021-05-16;02:00:00;124;G;2.3;G
2021-05-16;03:00:00;123;G;2.1;G
2021-05-16;04:00:00;131;G;1.7;G
2021-05-16;05:00:00;194;G;1.3;G
2021-05-16;06:00:00;214;G;2.3;G
2021-05-16;07:00:00;212;G;2.2;G
2021-05-16;08:00:00;245;G;2.7;G
2021-05-16;09:00:00;225;G;2.8;G
2021-05-16;10:00:00;202;G;2.7;G
2021-05-16;11:00:00;166;G;4.3;G
2021-05-16;12:00:00;159;G;4.3;G
2021-05-16;13:00:00;149;G;5.3;G
2021-05-16;14:00:00;145;G;4.5;G
2021-05-16;15:00:00;143;G;3.5;G
2021-05-16;16:00:00;133;G;4.1;G
2021-05-16;17:00:00;128;G;3.3;G
2021-05-16;18:00:00;103;G;3.3;G
2021-05-16;19:00:00;102;G;3.1;G
2021-05-16;20:00:00;107;G;1.6;G
2021-05-16;21:00:00;56;G;2.4;G
2021-05-16;22:00:00;83;G;2.3;G
2021-05-16;23:00:00;78;G;3.3;G
2021-05-17;00:00:00;62;G;3.0;G
2021-05-17;01:00:00;68;G;3.3;G
2021-05-17;02:00:00;69;G;4.0;G
2021-05-17;03:00:00;74;G;3.9;G
2021-05-17;04:00:00;90;G;2.6;G
2021-05-17;05:00:00;108;G;3.5;G
2021-05-17;06:00:00;120;G;3.4;G
2021-05-17;07:00:00;136;G;3.4;G
2021-05-17;08:00:00;131;G;3.5;G
2021-05-17;09:00:00;144;G;3.5;G
2021-05-17;10:00:00;180;G;3.5;G
2021-05-17;11:00:00;200;G;3.6;G
2021-05-17;12:00:00;207;G;3.2;G
2021-05-17;13:00:00;170;G;3.3;G
2021-05-17;14:00:00;199;G;3.2;G
2021-05-17;15:00:00;163;G;4.4;G
2021-05-17;16:00:00;206;G;4.5;G
2021-05-17;17:00:00;168;G;3.0;G
2021-05-17;18:00:00;190;G;3.3;G
2021-05-17;19:00:00;160;G;3.2;G
2021-05-17;20:00:00;160;G;2.2;G
2021-05-17;21:00:00;154;G;1.6;G
2021-05-17;22:00:00;152;G;2.6;G
2021-05-17;23:00:00;201;G;1.4;G
2021-05-18;00:00:00;143;G;0.8;G
2021-05-18;01:00:00;133;G;1.5;G
2021-05-18;02:00:00;132;G;1.9;G
2021-05-18;03:00:00;120;G;1.5;G
2021-05-18;04:00:00;133;G;1.1;G
2021-05-18;05:00:00;120;G;2.1;G
2021-05-18;06:00:00;235;G;1.0;G
2021-05-18;07:00:00;240;G;1.3;G
2021-05-18;08:00:00;219;G;1.7;G
2021-05-18;09:00:00;203;G;3.2;G
2021-05-18;10:00:00;247;G;4.0;G
2021-05-18;11:00:00;200;G;2.7;G
2021-05-18;12:00:00;257;G;3.7;G
2021-05-18;13:00:00;316;G;2.6;G
2021-05-18;14:00:00;3;G;2.0;G
2021-05-18;15:00:00;329;G;1.6;G
2021-05-18;16:00:00;331;G;3.6;G
2021-05-18;17:00:00;323;G;2.6;G
2021-05-18;18:00:00;320;G;2.7;G
2021-05-18;19:00:00;315;G;2.2;G
2021-05-18;20:00:00;257;G;0.7;G
2021-05-18;21:00:00;244;G;0.6;G
2021-05-18;22:00:00;250;G;1.0;G
2021-05-18;23:00:00;242;G;0.6;G
2021-05-19;00:00:00;238;G;0.8;G
2021-05-19;01:00:00;0;G;0.0;G
2021-05-19;02:00:00;244;G;1.3;G
2021-05-19;03:00:00;259;G;0.8;G
2021-05-19;04:00:00;257;G;1.7;G
2021-05-19;05:00:00;300;G;2.4;G
2021-05-19;06:00:00;288;G;3.4;G
2021-05-19;07:00:00;283;G;3.6;G
2021-05-19;08:00:00;294;G;4.8;G
2021-05-19;09:00:00;301;G;3.6;G
2021-05-19;10:00:00;325;G;3.7;G
2021-05-19;11:00:00;321;G;3.5;G
2021-05-19;12:00:00;296;G;4.5;G
2021-05-19;13:00:00;319;G;3.9;G
2021-05-19;14:00:00;311;G;4.6;G
2021-05-19;15:00:00;299;G;5.4;G
2021-05-19;16:00:00;296;G;4.5;G
2021-05-19;17:00:00;252;G;3.6;G
2021-05-19;18:00:00;0;G;0.0;G
2021-05-19;19:00:00;250;G;1.6;G
2021-05-19;20:00:00;306;G;1.8;G
2021-05-19;21:00:00;300;G;2.8;G
2021-05-19;22:00:00;271;G;2.0;G
2021-05-19;23:00:00;249;G;2.7;G
2021-05-20;00:00:00;260;G;3.5;G
2021-05-20;01:00:00;254;G;2.9;G
2021-05-20;02:00:00;247;G;1.6;G
2021-05-20;03:00:00;251;G;1.9;G
2021-05-20;04:00:00;238;G;2.5;G
2021-05-20;05:00:00;247;G;3.6;G
2021-05-20;06:00:00;261;G;3.2;G
2021-05-20;07:00:00;249;G;3.4;G
2021-05-20;08:00:00;221;G;3.7;G
